ref age (deg),T,DT,PitchingMoment_1,RPM_1,CT_1,CQ_1,eta_1,J,AOA,Pitch (blade),Tilt,Yaw,v_inf
0.0,0.0,0.001,0.0,1600.0,0.005764709709466,0.0009985768830791,0.9187895907647162,1.0,1.0,0.0,93.0,0.0,12.0
9.6,0.001,0.001,1.0469945875680444e-05,1600.0,0.005770190888655,0.0009991024579052,0.919179404721652,1.0,1.0,0.0,93.0,0.0,12.0
19.2,0.002,0.001,0.0009703137615055,1600.0,0.0060018028357648,0.0010239236471301,0.9328982599945116,1.0,1.0,0.0,93.0,0.0,12.0
28.8,0.003,0.001,0.0017817083214631,1600.0,0.006612491952363,0.0010936116440677,0.9623258732500684,1.0,1.0,0.0,93.0,0.0,12.0
38.4,0.004,0.001,0.0023336422050437,1600.0,0.0075255530915798,0.0012003586626781,0.9978092475736544,1.0,1.0,0.0,93.0,0.0,12.0
48.0,0.005,0.001,0.002572325983514,1600.0,0.0085705224953397,0.0013269899838429,1.0279211121574074,1.0,1.0,0.0,93.0,0.0,12.0
57.6,0.006,0.001,0.0024748128867996,1600.0,0.0096069477175203,0.0014546510049861,1.0511065623491824,1.0,1.0,0.0,93.0,0.0,12.0
67.2,0.007,0.001,0.0020422851659897,1600.0,0.0105447581853657,0.0015723127295099,1.067376964780281,1.0,1.0,0.0,93.0,0.0,12.0
76.8,0.008,0.001,0.0013159426820955,1600.0,0.0112891280296282,0.0016690458996255,1.0764955772131288,1.0,1.0,0.0,93.0,0.0,12.0
86.4,0.009,0.001,0.0003818477345454,1600.0,0.0117707363729326,0.0017359875677042,1.0791384180597747,1.0,1.0,0.0,93.0,0.0,12.0
96.0,0.01,0.001,0.0006498931981052,1600.0,0.0119788196463424,0.001768538851881,1.0780019659132576,1.0,1.0,0.0,93.0,0.0,12.0
105.60000000000004,0.011,0.001,0.0016634169461236,1600.0,0.0119290460242555,0.0017646897402626,1.0758642711032012,1.0,1.0,0.0,93.0,0.0,12.0
115.20000000000005,0.012,0.001,0.0025441714890747,1600.0,0.011610516011298,0.0017241208521705,1.0717758054601034,1.0,1.0,0.0,93.0,0.0,12.0
124.80000000000004,0.013,0.001,0.0031902527596305,1600.0,0.0110317465851848,0.0016493068488331,1.0645423568158254,1.0,1.0,0.0,93.0,0.0,12.0
134.40000000000003,0.014,0.001,0.0035298794744652,1600.0,0.0102366365840517,0.0015466760070927,1.053363022065353,1.0,1.0,0.0,93.0,0.0,12.0
144.00000000000006,0.015,0.001,0.0035256886625205,1600.0,0.0093283580576859,0.0014272969446488,1.040185997299315,1.0,1.0,0.0,93.0,0.0,12.0
153.60000000000005,0.016,0.001,0.0031864477576346,1600.0,0.0083841928002734,0.0013009886247406,1.0256705574693492,1.0,1.0,0.0,93.0,0.0,12.0
163.20000000000007,0.017,0.001,0.0025694848237908,1600.0,0.0074756365969315,0.0011788473142026,1.0092778791841237,1.0,1.0,0.0,93.0,0.0,12.0
172.8000000000001,0.018,0.001,0.0017342424577376,1600.0,0.0066992064702336,0.0010797692298032,0.9874441640878606,1.0,1.0,0.0,93.0,0.0,12.0
182.4000000000001,0.019,0.001,0.0007854308961565,1600.0,0.0061244216463992,0.0010161312212125,0.9592579759928136,1.0,1.0,0.0,93.0,0.0,12.0
192.00000000000009,0.02,0.001,0.0001425636838531,1600.0,0.0057276595540955,0.0009930987580785,0.9179201191889232,1.0,1.0,0.0,93.0,0.0,12.0
201.6000000000001,0.021,0.001,0.0009483161826307,1600.0,0.0055975784611339,0.0010149694390475,0.8777429616700672,1.0,1.0,0.0,93.0,0.0,12.0
211.20000000000013,0.022,0.001,0.0015850582085432,1600.0,0.0059552293161332,0.0010853767478617,0.8732490213887433,1.0,1.0,0.0,93.0,0.0,12.0
220.80000000000013,0.023,0.001,0.0020382033513108,1600.0,0.0067809706794398,0.0011971780824088,0.9014740734499233,1.0,1.0,0.0,93.0,0.0,12.0
230.40000000000012,0.024,0.001,0.0022579417992431,1600.0,0.0078684317613501,0.0013288038955916,0.9424263530192312,1.0,1.0,0.0,93.0,0.0,12.0
240.0000000000001,0.025,0.001,0.0021828896647239,1600.0,0.0090477680092879,0.0014616339227751,0.9851967583598824,1.0,1.0,0.0,93.0,0.0,12.0
249.6000000000002,0.026,0.001,0.0017710907404278,1600.0,0.01014113579575,0.0015827720722643,1.019737408021563,1.0,1.0,0.0,93.0,0.0,12.0
259.20000000000016,0.027,0.001,0.0010555990993801,1600.0,0.0110248975423783,0.0016797678152374,1.044588975353801,1.0,1.0,0.0,93.0,0.0,12.0
268.8000000000002,0.028,0.001,0.0001254916979337,1600.0,0.0116057698444833,0.0017437113430483,1.0593012693874155,1.0,1.0,0.0,93.0,0.0,12.0
278.4000000000002,0.029,0.001,0.000898678196092,1600.0,0.011877294521019,0.0017707886330098,1.0675074926166963,1.0,1.0,0.0,93.0,0.0,12.0
288.00000000000017,0.03,0.001,0.0018898056597884,1600.0,0.0118383726101082,0.0017593391921348,1.070933636609398,1.0,1.0,0.0,93.0,0.0,12.0
297.6000000000002,0.031,0.001,0.0027219949240757,1600.0,0.0114886789400522,0.0017102961045745,1.0691014485821773,1.0,1.0,0.0,93.0,0.0,12.0
307.2000000000002,0.032,0.001,0.0032960584233093,1600.0,0.0108570936201974,0.0016275967226346,1.0616635516866566,1.0,1.0,0.0,93.0,0.0,12.0
316.8000000000002,0.033,0.001,0.0035422936215692,1600.0,0.0100336363455703,0.0015195119522651,1.050931398863641,1.0,1.0,0.0,93.0,0.0,12.0
326.40000000000026,0.034,0.001,0.0034358711352227,1600.0,0.0091143280596335,0.0013972459296735,1.0381782711585394,1.0,1.0,0.0,93.0,0.0,12.0
336.0000000000002,0.035,0.001,0.002997845894713,1600.0,0.0081741827085581,0.001270409725698,1.024048822586349,1.0,1.0,0.0,93.0,0.0,12.0
345.60000000000025,0.036,0.001,0.0022957433901655,1600.0,0.0072776669265108,0.001151153941812,1.0061874641261002,1.0,1.0,0.0,93.0,0.0,12.0
355.2000000000002,0.037,0.001,0.0014101026955791,1600.0,0.0065378903986936,0.0010594132297011,0.982182915196064,1.0,1.0,0.0,93.0,0.0,12.0
364.8000000000003,0.038,0.001,0.0004954190709683,1600.0,0.0059870583722444,0.0010048826854951,0.9482399769411112,1.0,1.0,0.0,93.0,0.0,12.0
374.40000000000026,0.039,0.001,0.0003518679657181,1600.0,0.0056107649604672,0.0009921862921232,0.9000134199336312,1.0,1.0,0.0,93.0,0.0,12.0
384.0000000000003,0.04,0.001,0.0010634249274518,1600.0,0.0055808656792647,0.0010265143574036,0.8652800159887525,1.0,1.0,0.0,93.0,0.0,12.0
393.6000000000003,0.041,0.001,0.0016544989133871,1600.0,0.0060695452806228,0.0011088889560919,0.8711405487666274,1.0,1.0,0.0,93.0,0.0,12.0
403.20000000000033,0.042,0.001,0.0020678483239173,1600.0,0.0070018754605501,0.0012290563672729,0.9066981142069224,1.0,1.0,0.0,93.0,0.0,12.0
412.8000000000003,0.043,0.001,0.0022323775154487,1600.0,0.0081194679361463,0.0013623681430523,0.94853469959931,1.0,1.0,0.0,93.0,0.0,12.0
422.4000000000003,0.044,0.001,0.0020805600836714,1600.0,0.0092706165685912,0.0014931102787379,0.9881818331918832,1.0,1.0,0.0,93.0,0.0,12.0
432.00000000000034,0.045,0.001,0.0015970910076085,1600.0,0.0103106135655027,0.0016093715106813,1.0196434473761795,1.0,1.0,0.0,93.0,0.0,12.0
441.6000000000004,0.046,0.001,0.0008287312719604,1600.0,0.0111205453345923,0.0016988393855002,1.041822890959616,1.0,1.0,0.0,93.0,0.0,12.0
451.20000000000033,0.047,0.001,0.0001256538757152,1600.0,0.0116566318085561,0.0017546336990807,1.057320723468279,1.0,1.0,0.0,93.0,0.0,12.0
460.8000000000003,0.048,0.001,0.0011487117820859,1600.0,0.0118914484209843,0.0017728906648319,1.0675124158890856,1.0,1.0,0.0,93.0,0.0,12.0
470.4000000000004,0.049,0.001,0.0021091282458424,1600.0,0.0117954612647855,0.0017520440071059,1.0714947562536037,1.0,1.0,0.0,93.0,0.0,12.0
480.00000000000034,0.05,0.001,0.0028901696882433,1600.0,0.0114090017049545,0.0016946077565293,1.07151581838989,1.0,1.0,0.0,93.0,0.0,12.0
489.6000000000004,0.051,0.001,0.0033946361603722,1600.0,0.0107422306901924,0.0016050023814325,1.065219051358398,1.0,1.0,0.0,93.0,0.0,12.0
499.2000000000004,0.052,0.001,0.0035607740817056,1600.0,0.0098832071370515,0.0014922884527664,1.0540598009364943,1.0,1.0,0.0,93.0,0.0,12.0
508.8000000000004,0.053,0.001,0.0033813597662967,1600.0,0.0089302661370264,0.0013671693964244,1.0395902677100863,1.0,1.0,0.0,93.0,0.0,12.0
518.4000000000004,0.054,0.001,0.002887030159149,1600.0,0.0079722003449547,0.0012401268466934,1.0231333154358266,1.0,1.0,0.0,93.0,0.0,12.0
528.0000000000005,0.055,0.001,0.0021428668738496,1600.0,0.0070770955877917,0.0011252969148446,1.000940045842423,1.0,1.0,0.0,93.0,0.0,12.0
537.6000000000004,0.056,0.001,0.0012411119400664,1600.0,0.006372842052915,0.0010418463105764,0.9735306483968544,1.0,1.0,0.0,93.0,0.0,12.0
547.2000000000005,0.057,0.001,0.0003337012914759,1600.0,0.0058620190969111,0.0009973943613467,0.9354066474896756,1.0,1.0,0.0,93.0,0.0,12.0
556.8000000000005,0.058,0.001,0.0004982252646132,1600.0,0.005558000515711,0.0009963114263385,0.8878581861030428,1.0,1.0,0.0,93.0,0.0,12.0
566.4000000000004,0.059,0.001,0.0012088424560467,1600.0,0.0056930730399983,0.0010443592041205,0.8675948965872706,1.0,1.0,0.0,93.0,0.0,12.0
576.0000000000003,0.06,0.001,0.0017834804035557,1600.0,0.0063373523849182,0.0011385770321079,0.8858609735940309,1.0,1.0,0.0,93.0,0.0,12.0
585.6000000000005,0.061,0.001,0.0021577904557556,1600.0,0.0073611092128645,0.0012648881059459,0.92621387801769,1.0,1.0,0.0,93.0,0.0,12.0
595.2000000000005,0.062,0.001,0.0022473822501776,1600.0,0.0085027956673222,0.001398533090709,0.96762956096277,1.0,1.0,0.0,93.0,0.0,12.0
604.8000000000004,0.063,0.001,0.0020000004110214,1600.0,0.0096127033696304,0.0015257175152261,1.0027473909716893,1.0,1.0,0.0,93.0,0.0,12.0
614.4000000000004,0.064,0.001,0.0014302647976331,1600.0,0.0105836801905648,0.0016356127160318,1.0298556632151912,1.0,1.0,0.0,93.0,0.0,12.0
624.0000000000005,0.065,0.001,0.0006035695034243,1600.0,0.0113071909666244,0.00171668683537,1.0482956458592505,1.0,1.0,0.0,93.0,0.0,12.0
633.6000000000004,0.066,0.001,0.0003795469458384,1600.0,0.0117516651714333,0.0017628867103284,1.060950536773838,1.0,1.0,0.0,93.0,0.0,12.0
643.2000000000004,0.067,0.001,0.0013978076408271,1600.0,0.0119015881105315,0.0017712752440873,1.069397082558349,1.0,1.0,0.0,93.0,0.0,12.0
652.8000000000005,0.068,0.001,0.0023224279980298,1600.0,0.0117356415180414,0.0017410930110614,1.0727659844042972,1.0,1.0,0.0,93.0,0.0,12.0
662.4000000000004,0.069,0.001,0.0030384811784412,1600.0,0.0112735285882435,0.0016749940132026,1.071190575467264,1.0,1.0,0.0,93.0,0.0,12.0
672.0000000000005,0.07,0.001,0.0034605834633992,1600.0,0.0105468932157971,0.0015785418275604,1.063380241339981,1.0,1.0,0.0,93.0,0.0,12.0
681.6000000000005,0.071,0.001,0.0035360739007064,1600.0,0.0096566955507175,0.0014619635977836,1.0512647737331964,1.0,1.0,0.0,93.0,0.0,12.0
691.2000000000005,0.072,0.001,0.0032694760931819,1600.0,0.0086983399651576,0.0013354996259139,1.036603661495784,1.0,1.0,0.0,93.0,0.0,12.0
700.8000000000005,0.073,0.001,0.0027034306701594,1600.0,0.0077504436960476,0.0012097023942473,1.0196899925529443,1.0,1.0,0.0,93.0,0.0,12.0
710.4000000000004,0.074,0.001,0.0019060719310968,1600.0,0.0068931338654095,0.001101440935096,0.9960373662509596,1.0,1.0,0.0,93.0,0.0,12.0
720.0000000000005,0.075,0.001,0.0009938061170076,1600.0,0.0062360033754453,0.0010270831323354,0.9663197954415558,1.0,1.0,0.0,93.0,0.0,12.0
729.6000000000006,0.076,0.001,0.0001023317720786,1600.0,0.0057654140751313,0.0009929484870985,0.9241105263274764,1.0,1.0,0.0,93.0,0.0,12.0
739.2000000000005,0.077,0.001,0.0006956217099127,1600.0,0.0055474369832493,0.0010036971200481,0.8796498462928788,1.0,1.0,0.0,93.0,0.0,12.0
748.8000000000005,0.078,0.001,0.0013686436042478,1600.0,0.0058046380769077,0.0010637183634332,0.8684975972563778,1.0,1.0,0.0,93.0,0.0,12.0
758.4000000000004,0.079,0.001,0.0019034306538998,1600.0,0.0065758475279227,0.0011683529427595,0.8957726734659497,1.0,1.0,0.0,93.0,0.0,12.0
768.0000000000006,0.08,0.001,0.0022126826211214,1600.0,0.0076469965841654,0.0012983116114273,0.9374154058737092,1.0,1.0,0.0,93.0,0.0,12.0
777.6000000000006,0.081,0.001,0.0022195307884397,1600.0,0.0087935827610242,0.0014315069680342,0.9776705214551444,1.0,1.0,0.0,93.0,0.0,12.0
787.2000000000006,0.082,0.001,0.001887589345265,1600.0,0.0098784350937769,0.0015555153770475,1.01072724730703,1.0,1.0,0.0,93.0,0.0,12.0
796.8000000000005,0.083,0.001,0.0012440967257115,1600.0,0.0107899913382014,0.0016587647183113,1.0352766962283175,1.0,1.0,0.0,93.0,0.0,12.0
806.4000000000007,0.084,0.001,0.0003678545493706,1600.0,0.0114494842945575,0.001731683314012,1.0522951896498738,1.0,1.0,0.0,93.0,0.0,12.0
816.0000000000006,0.085,0.001,0.0006356090136981,1600.0,0.0118223197341628,0.0017687074998363,1.063816727570242,1.0,1.0,0.0,93.0,0.0,12.0
825.6000000000006,0.086,0.001,0.001641347970001,1600.0,0.0118851737951678,0.0017671980031892,1.0703860889348429,1.0,1.0,0.0,93.0,0.0,12.0
835.2000000000006,0.087,0.001,0.0025236664572395,1600.0,0.0116459529380968,0.0017278446731366,1.072730093121686,1.0,1.0,0.0,93.0,0.0,12.0
844.8000000000006,0.088,0.001,0.0031728209389786,1600.0,0.0111160604166634,0.0016535970823122,1.0698954309633433,1.0,1.0,0.0,93.0,0.0,12.0
854.4000000000004,0.089,0.001,0.0035113269035375,1600.0,0.0103372213814876,0.0015509076800865,1.060810970132781,1.0,1.0,0.0,93.0,0.0,12.0
864.0000000000007,0.09,0.001,0.0034996769562054,1600.0,0.0094192094329162,0.0014308366959795,1.0477182654587551,1.0,1.0,0.0,93.0,0.0,12.0
873.6000000000007,0.091,0.001,0.0031523212803055,1600.0,0.0084572142819072,0.0013035275171589,1.0325884494456703,1.0,1.0,0.0,93.0,0.0,12.0
883.2000000000007,0.092,0.001,0.0025239717838687,1600.0,0.0075151194909642,0.001179787389112,1.0137999659526846,1.0,1.0,0.0,93.0,0.0,12.0
892.8000000000008,0.093,0.001,0.0016810543147759,1600.0,0.0067072594071003,0.0010792912327043,0.989068989808106,1.0,1.0,0.0,93.0,0.0,12.0
902.4000000000008,0.094,0.001,0.0007676750796326,1600.0,0.0060987333952885,0.0010144958117249,0.956774345681556,1.0,1.0,0.0,93.0,0.0,12.0
912.0000000000006,0.095,0.001,0.0001088908943481,1600.0,0.0056749763874926,0.0009910880534381,0.9113221987349908,1.0,1.0,0.0,93.0,0.0,12.0
921.6000000000006,0.096,0.001,0.0008741831162226,1600.0,0.0055628819150641,0.0010141395169406,0.8730161282836207,1.0,1.0,0.0,93.0,0.0,12.0
931.2000000000006,0.097,0.001,0.0015178666664043,1600.0,0.0059532826769831,0.0010860625867674,0.8724123058923464,1.0,1.0,0.0,93.0,0.0,12.0
940.8000000000008,0.098,0.001,0.0020034666123655,1600.0,0.0068279623657924,0.0011996476691129,0.9058526013431862,1.0,1.0,0.0,93.0,0.0,12.0
950.4000000000008,0.099,0.001,0.0022419199109116,1600.0,0.0079273345121446,0.0013316832316432,0.947428369728656,1.0,1.0,0.0,93.0,0.0,12.0
960.0000000000008,0.1,0.001,0.0021657802186232,1600.0,0.0090692598178817,0.0014635530766852,0.986242011440923,1.0,1.0,0.0,93.0,0.0,12.0
969.6000000000008,0.101,0.001,0.0017515077531458,1600.0,0.010117574519652,0.001583565334769,1.0168585795281004,1.0,1.0,0.0,93.0,0.0,12.0
979.2000000000008,0.102,0.001,0.0010416275875397,1600.0,0.0109680292255547,0.0016797616315721,1.0392046314271224,1.0,1.0,0.0,93.0,0.0,12.0
988.8000000000008,0.103,0.001,0.0001240749635158,1600.0,0.0115580649779508,0.0017440259304672,1.054756779519535,1.0,1.0,0.0,93.0,0.0,12.0
998.4000000000008,0.104,0.001,0.0008907995800443,1600.0,0.0118567069705109,0.001771623498594,1.0651549410168315,1.0,1.0,0.0,93.0,0.0,12.0
1008.0000000000008,0.105,0.001,0.0018760909766757,1600.0,0.0118434904794114,0.0017604782314644,1.0707034143172285,1.0,1.0,0.0,93.0,0.0,12.0
1017.6000000000008,0.106,0.001,0.0027085349069223,1600.0,0.0115278821901177,0.0017119818465803,1.07169327618925,1.0,1.0,0.0,93.0,0.0,12.0
1027.200000000001,0.107,0.001,0.0032872599745195,1600.0,0.0109274545208479,0.0016298685762896,1.0670543795402012,1.0,1.0,0.0,93.0,0.0,12.0
1036.8000000000009,0.108,0.001,0.0035372530120431,1600.0,0.0101081384587066,0.0015218402760938,1.0571150116289862,1.0,1.0,0.0,93.0,0.0,12.0
1046.4000000000008,0.109,0.001,0.003438791601027,1600.0,0.0091713588643505,0.001398985274255,1.0433755987233468,1.0,1.0,0.0,93.0,0.0,12.0
1056.000000000001,0.11,0.001,0.003015441224016,1600.0,0.0082098997355441,0.0012714798462068,1.0276577557236035,1.0,1.0,0.0,93.0,0.0,12.0
1065.6000000000008,0.111,0.001,0.0023247175910581,1600.0,0.0072854000125347,0.0011514299447236,1.007015172490578,1.0,1.0,0.0,93.0,0.0,12.0
1075.2000000000007,0.112,0.001,0.0014514203487557,1600.0,0.0065240945452881,0.0010591075484607,0.9803932542927576,1.0,1.0,0.0,93.0,0.0,12.0
1084.8000000000006,0.113,0.001,0.0005415939663576,1600.0,0.0059649446277207,0.0010042996755216,0.9452859996973668,1.0,1.0,0.0,93.0,0.0,12.0
1094.400000000001,0.114,0.001,0.0003070772433774,1600.0,0.0055911462738038,0.0009917666281428,0.8972459263849867,1.0,1.0,0.0,93.0,0.0,12.0
1104.000000000001,0.115,0.001,0.001044315947225,1600.0,0.0056003041526662,0.0010273465263667,0.8675905021717141,1.0,1.0,0.0,93.0,0.0,12.0
1113.600000000001,0.116,0.001,0.0016547281101955,1600.0,0.0061192400475637,0.0011106469956391,0.8768828487895917,1.0,1.0,0.0,93.0,0.0,12.0
1123.200000000001,0.117,0.001,0.0020865602043845,1600.0,0.0070814813888276,0.0012316084763059,0.9151063744101632,1.0,1.0,0.0,93.0,0.0,12.0
1132.8000000000009,0.118,0.001,0.0022516841780085,1600.0,0.008202875242263,0.0013648263073685,0.9565525923143848,1.0,1.0,0.0,93.0,0.0,12.0
1142.400000000001,0.119,0.001,0.0020907512011761,1600.0,0.0093332405034086,0.0014947224049645,0.9937841008131736,1.0,1.0,0.0,93.0,0.0,12.0
1152.000000000001,0.12,0.001,0.0015978268376622,1600.0,0.0103411459748324,0.0016099738011875,1.0222802991672404,1.0,1.0,0.0,93.0,0.0,12.0
1161.6000000000008,0.1210000000000001,0.001,0.0008270892086645,1600.0,0.0111294331917364,0.0016987574743624,1.0427058205825708,1.0,1.0,0.0,93.0,0.0,12.0
1171.200000000001,0.1220000000000001,0.001,0.0001252708741722,1600.0,0.0116494195700229,0.001754129637484,1.056970174325238,1.0,1.0,0.0,93.0,0.0,12.0
1180.8000000000009,0.1230000000000001,0.001,0.0011439846327787,1600.0,0.0118699580980801,0.0017720828604919,1.066068945037192,1.0,1.0,0.0,93.0,0.0,12.0
1190.400000000001,0.1240000000000001,0.001,0.0021009894305316,1600.0,0.0117783116929387,0.0017513033031153,1.0703894201956143,1.0,1.0,0.0,93.0,0.0,12.0
1200.000000000001,0.125,0.001,0.0028775807956322,1600.0,0.0113899617603299,0.0016939313907967,1.07015474512904,1.0,1.0,0.0,93.0,0.0,12.0
1209.6000000000008,0.126,0.001,0.0033795732294033,1600.0,0.0107258514380521,0.0016043894727255,1.0640011694513132,1.0,1.0,0.0,93.0,0.0,12.0
1219.2000000000007,0.127,0.001,0.0035422751331624,1600.0,0.0098675559309557,0.0014917305087133,1.0527841949159769,1.0,1.0,0.0,93.0,0.0,12.0
1228.8000000000009,0.128,0.001,0.0033593977803016,1600.0,0.0089168548507954,0.0013667193718851,1.0383708283724158,1.0,1.0,0.0,93.0,0.0,12.0
1238.400000000001,0.1290000000000001,0.001,0.0028635852222593,1600.0,0.0079566111393267,0.0012396448002732,1.0215297098045577,1.0,1.0,0.0,93.0,0.0,12.0
1248.000000000001,0.1300000000000001,0.001,0.0021172829350171,1600.0,0.0070587912088528,0.0011247426517886,0.998843167684571,1.0,1.0,0.0,93.0,0.0,12.0
1257.600000000001,0.1310000000000001,0.001,0.0012215439122264,1600.0,0.0063491141194781,0.0010411880004482,0.9705191530582684,1.0,1.0,0.0,93.0,0.0,12.0
1267.2000000000007,0.1320000000000001,0.001,0.000322699520228,1600.0,0.0058367788074004,0.0009966207942324,0.9321019632620314,1.0,1.0,0.0,93.0,0.0,12.0
1276.8000000000006,0.1330000000000001,0.001,0.0004997284053514,1600.0,0.0055319248940333,0.0009955131931748,0.8844013296204076,1.0,1.0,0.0,93.0,0.0,12.0
1286.4000000000008,0.1340000000000001,0.001,0.0012039857613766,1600.0,0.0056638962655649,0.0010434270283686,0.863919625729611,1.0,1.0,0.0,93.0,0.0,12.0
1296.000000000001,0.1350000000000001,0.001,0.0017791880126296,1600.0,0.0063133211191858,0.0011377430648163,0.8831486602883432,1.0,1.0,0.0,93.0,0.0,12.0
1305.600000000001,0.1360000000000001,0.001,0.0021524518589044,1600.0,0.0073378722422352,0.0012640657531109,0.9238907361063652,1.0,1.0,0.0,93.0,0.0,12.0
1315.200000000001,0.1370000000000001,0.001,0.0022408590123556,1600.0,0.0084761163431711,0.0013976862390681,0.9651778607601458,1.0,1.0,0.0,93.0,0.0,12.0
1324.8000000000009,0.1380000000000001,0.001,0.0019947782840969,1600.0,0.0095853647194566,0.0015249109807809,1.0004244153707504,1.0,1.0,0.0,93.0,0.0,12.0
1334.400000000001,0.1390000000000001,0.001,0.0014253703492623,1600.0,0.0105477910755218,0.0016344699468169,1.0270810372739636,1.0,1.0,0.0,93.0,0.0,12.0
1344.000000000001,0.1400000000000001,0.001,0.0006014628260398,1600.0,0.0112711897813634,0.0017155177690007,1.0456700598768571,1.0,1.0,0.0,93.0,0.0,12.0
1353.600000000001,0.1410000000000001,0.001,0.0003784067338841,1600.0,0.01172031876314,0.0017618534651052,1.0587410943707611,1.0,1.0,0.0,93.0,0.0,12.0
1363.200000000001,0.1420000000000001,0.001,0.0013928870377692,1600.0,0.0118624455196814,0.001770087001865,1.0665955061114838,1.0,1.0,0.0,93.0,0.0,12.0
1372.8000000000009,0.1430000000000001,0.001,0.0023146005984108,1600.0,0.0116961203507932,0.001739926990952,1.0698698155190585,1.0,1.0,0.0,93.0,0.0,12.0
1382.400000000001,0.1440000000000001,0.001,0.0030297952874405,1600.0,0.0112373361506536,0.0016739476468496,1.0684190744720807,1.0,1.0,0.0,93.0,0.0,12.0
1392.000000000001,0.1450000000000001,0.001,0.0034512526254825,1600.0,0.0105146112110404,0.0015775386419542,1.0607995927462266,1.0,1.0,0.0,93.0,0.0,12.0
1401.600000000001,0.1460000000000001,0.001,0.0035267002188866,1600.0,0.0096230170786345,0.0014608789295527,1.0483762237513787,1.0,1.0,0.0,93.0,0.0,12.0
1411.200000000001,0.1470000000000001,0.001,0.0032610828829023,1600.0,0.0086628996670295,0.0013343869772435,1.0332409765906072,1.0,1.0,0.0,93.0,0.0,12.0
1420.8000000000009,0.1480000000000001,0.001,0.0026971454882871,1600.0,0.0077111472821176,0.001208532120206,1.0155023489565205,1.0,1.0,0.0,93.0,0.0,12.0
1430.400000000001,0.1490000000000001,0.001,0.0019033044538876,1600.0,0.0068493423121452,0.001100197374058,0.9908282928230616,1.0,1.0,0.0,93.0,0.0,12.0
1440.000000000001,0.1500000000000001,0.001,0.000995334084604,1600.0,0.006188575654017,0.0010257607854952,0.9602067265219346,1.0,1.0,0.0,93.0,0.0,12.0
1449.600000000001,0.1510000000000001,0.001,0.000109396483543,1600.0,0.0057166190374901,0.0009916304988514,0.9175072556195172,1.0,1.0,0.0,93.0,0.0,12.0
1459.2000000000012,0.1520000000000001,0.001,0.000686556041643,1600.0,0.0055016635104828,0.0010024221593045,0.8735011839015332,1.0,1.0,0.0,93.0,0.0,12.0
1468.8000000000009,0.1530000000000001,0.001,0.0013594679472718,1600.0,0.0057626445668717,0.0010625133535899,0.8631923213016055,1.0,1.0,0.0,93.0,0.0,12.0
1478.400000000001,0.1540000000000001,0.001,0.0018927400120597,1600.0,0.0065353922676163,0.0011671706044117,0.8911636229563408,1.0,1.0,0.0,93.0,0.0,12.0
1488.000000000001,0.1550000000000001,0.001,0.0022030559958183,1600.0,0.0076073848566966,0.0012971361996924,0.9334046064189728,1.0,1.0,0.0,93.0,0.0,12.0
1497.600000000001,0.1560000000000001,0.001,0.0022101428985098,1600.0,0.0087512105640851,0.0014302640226479,0.9738051137813992,1.0,1.0,0.0,93.0,0.0,12.0
1507.200000000001,0.1570000000000001,0.001,0.0018797535370902,1600.0,0.0098328723458769,0.0015542103756681,1.0069101732545094,1.0,1.0,0.0,93.0,0.0,12.0
1516.8000000000009,0.1580000000000001,0.001,0.0012391559763058,1600.0,0.0107418783272787,0.0016573450788927,1.0315431925741534,1.0,1.0,0.0,93.0,0.0,12.0
1526.400000000001,0.1590000000000001,0.001,0.0003664974534602,1600.0,0.0114014654708273,0.0017302548769339,1.04874698656494,1.0,1.0,0.0,93.0,0.0,12.0
1536.0000000000011,0.1600000000000001,0.001,0.0006335421375299,1600.0,0.0117773947785547,0.0017673396841399,1.0605944134977312,1.0,1.0,0.0,93.0,0.0,12.0
1545.6000000000013,0.1610000000000001,0.001,0.0016364065664591,1600.0,0.0118417800958478,0.0017658526047266,1.0672905723935842,1.0,1.0,0.0,93.0,0.0,12.0
1555.2000000000012,0.1620000000000001,0.001,0.002516434060922,1600.0,0.0116033199099337,0.0017265241944655,1.0696205276834674,1.0,1.0,0.0,93.0,0.0,12.0
1564.800000000001,0.1630000000000001,0.001,0.0031643436123168,1600.0,0.0110751294002022,0.0016523444224607,1.066764026594106,1.0,1.0,0.0,93.0,0.0,12.0
1574.4000000000012,0.1640000000000001,0.001,0.0035027198815618,1600.0,0.0102977036098501,0.001549651500791,1.057612263896941,1.0,1.0,0.0,93.0,0.0,12.0
1584.0000000000011,0.1650000000000001,0.001,0.0034915092545012,1600.0,0.0093797823218106,0.0014295849467079,1.044246251389191,1.0,1.0,0.0,93.0,0.0,12.0
1593.600000000001,0.1660000000000001,0.001,0.0031459611266078,1600.0,0.0084158839665918,0.0013022575717261,1.0285442471995314,1.0,1.0,0.0,93.0,0.0,12.0
1603.200000000001,0.1670000000000001,0.001,0.0025191179656128,1600.0,0.0074699496239628,0.0011784806479523,1.008823869417626,1.0,1.0,0.0,93.0,0.0,12.0
1612.800000000001,0.1680000000000001,0.001,0.0016805309564455,1600.0,0.0066586819246758,0.0010779378442982,0.9831384512515337,1.0,1.0,0.0,93.0,0.0,12.0
1622.4000000000012,0.1690000000000001,0.001,0.0007712510777234,1600.0,0.0060495220961171,0.0010131595219604,0.950305775222516,1.0,1.0,0.0,93.0,0.0,12.0
1632.0000000000011,0.1700000000000001,0.001,0.0001017892572014,1600.0,0.0056267340866839,0.000989801564881,0.9047495731804182,1.0,1.0,0.0,93.0,0.0,12.0
1641.6000000000013,0.1710000000000001,0.001,0.0008671393470813,1600.0,0.0055186423812008,0.0010129433010212,0.8670961279264632,1.0,1.0,0.0,93.0,0.0,12.0
1651.2000000000012,0.1720000000000001,0.001,0.001510464924087,1600.0,0.0059130429110908,0.0010849529292855,0.8674016933014213,1.0,1.0,0.0,93.0,0.0,12.0
1660.800000000001,0.1730000000000001,0.001,0.0019955314183904,1600.0,0.0067901609247422,0.0011986151581418,0.9016135564625172,1.0,1.0,0.0,93.0,0.0,12.0
1670.4000000000012,0.1740000000000001,0.001,0.0022340502535016,1600.0,0.007889576133501,0.0013306239815478,0.9436663234386128,1.0,1.0,0.0,93.0,0.0,12.0
1680.0000000000011,0.1750000000000001,0.001,0.0021590086907066,1600.0,0.0090315688750595,0.0014624979093151,0.9828518872985712,1.0,1.0,0.0,93.0,0.0,12.0
1689.6000000000013,0.1760000000000001,0.001,0.0017466715712465,1600.0,0.010080228804574,0.0015825321175305,1.013766623737631,1.0,1.0,0.0,93.0,0.0,12.0
1699.2000000000012,0.1770000000000001,0.001,0.001038927731316,1600.0,0.0109302114853073,0.0016786802801703,1.036288569941372,1.0,1.0,0.0,93.0,0.0,12.0
1708.8000000000009,0.1780000000000001,0.001,0.0001237700458189,1600.0,0.0115204894374558,0.0017429174598674,1.0519963698961006,1.0,1.0,0.0,93.0,0.0,12.0
1718.400000000001,0.1790000000000001,0.001,0.0008888162829177,1600.0,0.0118205889452261,0.0017705291448052,1.0625666154154818,1.0,1.0,0.0,93.0,0.0,12.0
1728.0000000000014,0.1800000000000001,0.001,0.0018720762306065,1600.0,0.0118077248939255,0.0017593797010117,1.0681365611168234,1.0,1.0,0.0,93.0,0.0,12.0
1737.6000000000015,0.1810000000000001,0.001,0.0027030688115624,1600.0,0.0114927673038674,0.0017109133103205,1.0690960875584503,1.0,1.0,0.0,93.0,0.0,12.0
1747.2000000000014,0.1820000000000001,0.001,0.0032813207899755,1600.0,0.0108938257586028,0.0016288596855791,1.0644294496409912,1.0,1.0,0.0,93.0,0.0,12.0
1756.8000000000015,0.1830000000000001,0.001,0.0035316243629702,1600.0,0.0100743687943216,0.00152077623795,1.0543205187821088,1.0,1.0,0.0,93.0,0.0,12.0
1766.4000000000017,0.1840000000000001,0.001,0.0034340036031341,1600.0,0.0091374228612449,0.0013979283462913,1.0403008275396235,1.0,1.0,0.0,93.0,0.0,12.0
1776.0000000000014,0.1850000000000001,0.001,0.0030122472251111,1600.0,0.0081739719227316,0.0012704097412495,1.0240224031323542,1.0,1.0,0.0,93.0,0.0,12.0
1785.6000000000015,0.1860000000000001,0.001,0.0023236282780599,1600.0,0.0072463517589444,0.0011503201786588,1.0025840832969068,1.0,1.0,0.0,93.0,0.0,12.0
1795.2000000000014,0.1870000000000001,0.001,0.0014528835832831,1600.0,0.0064826935151187,0.0010579597985159,0.9752286607942858,1.0,1.0,0.0,93.0,0.0,12.0
1804.800000000001,0.1880000000000001,0.001,0.0005460975579258,1600.0,0.0059254949334599,0.0010032462621813,0.9400202567170872,1.0,1.0,0.0,93.0,0.0,12.0
1814.4000000000008,0.1890000000000001,0.001,0.0003031355853775,1600.0,0.0055568644187206,0.0009908843710014,0.8925384900733075,1.0,1.0,0.0,93.0,0.0,12.0
1824.000000000001,0.1900000000000001,0.001,0.0010397050672464,1600.0,0.0055682810433919,0.0010265085320049,0.8633337424383879,1.0,1.0,0.0,93.0,0.0,12.0
1833.6000000000013,0.1910000000000001,0.001,0.0016508597518576,1600.0,0.006091874826068,0.0011099445909005,0.8735138665607869,1.0,1.0,0.0,93.0,0.0,12.0
1843.2000000000007,0.1920000000000001,0.001,0.0020822402939969,1600.0,0.0070542389756741,0.0012308941507236,0.9121149873610496,1.0,1.0,0.0,93.0,0.0,12.0
1852.800000000001,0.1930000000000001,0.001,0.0022471247882426,1600.0,0.0081768014685189,0.001364137240445,0.953993728645136,1.0,1.0,0.0,93.0,0.0,12.0
1862.4000000000008,0.1940000000000001,0.001,0.0020869186774841,1600.0,0.0093074983684821,0.0014940355401816,0.9914987517522732,1.0,1.0,0.0,93.0,0.0,12.0
1872.000000000001,0.1950000000000001,0.001,0.0015952945821827,1600.0,0.0103163890526734,0.0016092968830933,1.0202619105531905,1.0,1.0,0.0,93.0,0.0,12.0
1881.6000000000013,0.1960000000000001,0.001,0.0008258803068538,1600.0,0.0111050374107659,0.0016980635330796,1.0408453881218265,1.0,1.0,0.0,93.0,0.0,12.0
1891.2000000000012,0.1970000000000001,0.001,0.0001251018756966,1600.0,0.0116257734818686,0.0017534215127633,1.0552507217674605,1.0,1.0,0.0,93.0,0.0,12.0
1900.800000000001,0.1980000000000001,0.001,0.0011424460998871,1600.0,0.0118461618852682,0.0017713550223211,1.064368913599663,1.0,1.0,0.0,93.0,0.0,12.0
1910.4000000000012,0.1990000000000001,0.001,0.0020983323839051,1600.0,0.0117550346500622,0.0017505759119118,1.0687179333632144,1.0,1.0,0.0,93.0,0.0,12.0
1920.0000000000011,0.2000000000000001,0.001,0.0028741243276138,1600.0,0.0113669018295858,0.0016932181250348,1.0684380157941618,1.0,1.0,0.0,93.0,0.0,12.0
1929.6000000000013,0.2010000000000001,0.001,0.0033760794187497,1600.0,0.0107037880012307,0.0016037113627447,1.0622614578772962,1.0,1.0,0.0,93.0,0.0,12.0
1939.2000000000012,0.2020000000000001,0.001,0.0035393841955957,1600.0,0.009845668216904,0.0014910355775571,1.0509385479120357,1.0,1.0,0.0,93.0,0.0,12.0
1948.800000000001,0.2030000000000001,0.001,0.0033571597360214,1600.0,0.0088947097998219,0.0013660329831342,1.0363124825591576,1.0,1.0,0.0,93.0,0.0,12.0
1958.4000000000012,0.2040000000000001,0.001,0.0028625546562203,1600.0,0.0079331239518912,0.0012389576731432,1.019079116642455,1.0,1.0,0.0,93.0,0.0,12.0
1968.0000000000011,0.2050000000000001,0.001,0.0021177717490221,1600.0,0.0070340972479616,0.0011240516862049,0.9959607382307482,1.0,1.0,0.0,93.0,0.0,12.0
1977.6000000000013,0.2060000000000001,0.001,0.0012238853887242,1600.0,0.006324612948722,0.001040532905312,0.9673825871275492,1.0,1.0,0.0,93.0,0.0,12.0
1987.2000000000012,0.2070000000000001,0.001,0.0003255696048651,1600.0,0.0058129842051082,0.0009960399373699,0.9288434485880314,1.0,1.0,0.0,93.0,0.0,12.0
1996.800000000001,0.2080000000000001,0.001,0.0004979271230846,1600.0,0.0055124252099558,0.0009950335815262,0.8817086547401741,1.0,1.0,0.0,93.0,0.0,12.0
2006.4000000000012,0.2090000000000001,0.001,0.0012031270689298,1600.0,0.0056481908051225,0.0010430582495281,0.861828652971281,1.0,1.0,0.0,93.0,0.0,12.0
2016.0000000000011,0.2100000000000001,0.001,0.0017769632120771,1600.0,0.0062973904373045,0.001137353587203,0.8812218363344437,1.0,1.0,0.0,93.0,0.0,12.0
2025.6000000000013,0.2110000000000001,0.001,0.002151176918026,1600.0,0.0073252631368404,0.0012637609312949,0.9225256207931636,1.0,1.0,0.0,93.0,0.0,12.0
2035.2000000000016,0.2120000000000001,0.001,0.0022393589247842,1600.0,0.008463811332359,0.0013973735848131,0.9639923250175696,1.0,1.0,0.0,93.0,0.0,12.0
2044.8000000000015,0.2130000000000001,0.001,0.001993305679106,1600.0,0.0095728564842318,0.0015245863406352,0.9993316799230904,1.0,1.0,0.0,93.0,0.0,12.0
2054.400000000002,0.2140000000000001,0.001,0.0014244937300988,1600.0,0.0105360609937702,0.0016341409821659,1.0261453608816975,1.0,1.0,0.0,93.0,0.0,12.0
2064.000000000002,0.2150000000000001,0.001,0.0006010979491034,1600.0,0.0112595947007636,0.0017151759256341,1.0448025342795717,1.0,1.0,0.0,93.0,0.0,12.0
2073.6000000000017,0.2160000000000001,0.001,0.0003782089334615,1600.0,0.0117101027663996,0.0017615171077767,1.0580202321956729,1.0,1.0,0.0,93.0,0.0,12.0
2083.2000000000016,0.2170000000000001,0.001,0.0013921904162364,1600.0,0.0118509854721428,0.0017697036217912,1.0657959305596727,1.0,1.0,0.0,93.0,0.0,12.0
2092.800000000001,0.2180000000000001,0.001,0.002313308202148,1600.0,0.0116849379064553,0.0017395559577113,1.0690749091974794,1.0,1.0,0.0,93.0,0.0,12.0
2102.400000000002,0.2190000000000001,0.001,0.0030281329264773,1600.0,0.0112261320691019,0.0016735859615401,1.0675844872383051,1.0,1.0,0.0,93.0,0.0,12.0
2112.000000000002,0.2200000000000001,0.001,0.0034498089163793,1600.0,0.0105043329783099,0.0015772068894094,1.0599855533266405,1.0,1.0,0.0,93.0,0.0,12.0
2121.6000000000013,0.2210000000000001,0.001,0.0035256376339032,1600.0,0.0096132889368519,0.0014605561630486,1.047547839911218,1.0,1.0,0.0,93.0,0.0,12.0
2131.2000000000016,0.2220000000000001,0.001,0.0032606312484132,1600.0,0.0086532069375435,0.0013340811600775,1.032321495063338,1.0,1.0,0.0,93.0,0.0,12.0
2140.800000000001,0.2230000000000001,0.001,0.0026974597035527,1600.0,0.0077013816451464,0.0012082458971026,1.0144565443189253,1.0,1.0,0.0,93.0,0.0,12.0
2150.400000000001,0.2240000000000001,0.001,0.0019044428810857,1600.0,0.0068393032376951,0.0010999218857938,0.989623837512762,1.0,1.0,0.0,93.0,0.0,12.0
2160.0000000000014,0.2250000000000001,0.001,0.0009973103017919,1600.0,0.0061794603323246,0.0010255443788101,0.9589947327982072,1.0,1.0,0.0,93.0,0.0,12.0
2169.6000000000013,0.2260000000000001,0.001,0.0001109519553067,1600.0,0.0057086761838826,0.0009914522767982,0.9163971422910512,1.0,1.0,0.0,93.0,0.0,12.0
2179.2000000000016,0.2270000000000001,0.001,0.0006859814915396,1600.0,0.0054955731996247,0.001002299947561,0.8726406121958932,1.0,1.0,0.0,93.0,0.0,12.0
2188.800000000002,0.2280000000000001,0.001,0.0013596094706791,1600.0,0.005758542710097,0.0010624514014001,0.8626281974968147,1.0,1.0,0.0,93.0,0.0,12.0
2198.400000000002,0.2290000000000001,0.001,0.0018930823206574,1600.0,0.0065324875208874,0.0011671370629604,0.8907931318693645,1.0,1.0,0.0,93.0,0.0,12.0
2208.000000000002,0.2300000000000001,0.001,0.0022030938752494,1600.0,0.0076046035140246,0.0012970890159924,0.9330972852198132,1.0,1.0,0.0,93.0,0.0,12.0
2217.6000000000017,0.2310000000000001,0.001,0.0022101960124048,1600.0,0.0087488765466155,0.0014302106011177,0.973581756285693,1.0,1.0,0.0,93.0,0.0,12.0
2227.200000000002,0.2320000000000001,0.001,0.0018796182713518,1600.0,0.0098302354129341,0.001554138100059,1.0066869589427103,1.0,1.0,0.0,93.0,0.0,12.0
2236.800000000002,0.2330000000000001,0.001,0.0012390662313184,1600.0,0.010739296149783,0.0016572607187325,1.0313477223263523,1.0,1.0,0.0,93.0,0.0,12.0
2246.400000000002,0.2340000000000001,0.001,0.0003664681351614,1600.0,0.0113990384071585,0.0017301631151734,1.048579346700362,1.0,1.0,0.0,93.0,0.0,12.0
2256.000000000002,0.2350000000000001,0.001,0.0006334053061957,1600.0,0.011773321983439,0.0017671941905632,1.0603149332895776,1.0,1.0,0.0,93.0,0.0,12.0
2265.6000000000017,0.2360000000000001,0.001,0.0016360525463087,1600.0,0.0118378503829116,0.0017657078373791,1.067023866654635,1.0,1.0,0.0,93.0,0.0,12.0
2275.200000000002,0.2370000000000001,0.001,0.0025157860426237,1600.0,0.0115989288397925,0.0017263720744375,1.0693099632219054,1.0,1.0,0.0,93.0,0.0,12.0
2284.800000000002,0.2380000000000001,0.001,0.0031637479214376,1600.0,0.0110712737868277,0.0016522089165638,1.066480111463103,1.0,1.0,0.0,93.0,0.0,12.0
2294.400000000001,0.2390000000000001,0.001,0.0035020255473777,1600.0,0.0102937967927825,0.0015495156574896,1.0573037031513657,1.0,1.0,0.0,93.0,0.0,12.0
2304.0000000000014,0.2400000000000001,0.001,0.003490886146009,1600.0,0.0093759386769108,0.0014294549263128,1.0439132840697118,1.0,1.0,0.0,93.0,0.0,12.0
2313.6000000000013,0.2410000000000002,0.001,0.0031453557904525,1600.0,0.0084117989132573,0.0013021281607572,1.028147165300055,1.0,1.0,0.0,93.0,0.0,12.0
2323.2000000000016,0.2420000000000002,0.001,0.0025189775064586,1600.0,0.0074660251588878,0.001178364935092,1.008392878894231,1.0,1.0,0.0,93.0,0.0,12.0
2332.800000000001,0.2430000000000002,0.001,0.0016808634848012,1600.0,0.0066553151937918,0.0010778409769001,0.9827296731405368,1.0,1.0,0.0,93.0,0.0,12.0
2342.400000000002,0.2440000000000002,0.001,0.0007715109092872,1600.0,0.0060452908387635,0.0010130405684969,0.94975260551009,1.0,1.0,0.0,93.0,0.0,12.0
2352.000000000002,0.2450000000000002,0.001,0.0001017632441228,1600.0,0.0056228091582554,0.0009897007231697,0.904210586744428,1.0,1.0,0.0,93.0,0.0,12.0
2361.6000000000017,0.2460000000000002,0.001,0.0008671033068018,1600.0,0.0055161163949991,0.0010128862441187,0.8667480637948519,1.0,1.0,0.0,93.0,0.0,12.0
2371.200000000002,0.2470000000000002,0.001,0.0015105236502181,1600.0,0.0059102691999972,0.0010848984050891,0.8670383823691308,1.0,1.0,0.0,93.0,0.0,12.0
2380.800000000002,0.2480000000000002,0.001,0.001994968201174,1600.0,0.0067864123039486,0.0011985228480523,0.9011852096005416,1.0,1.0,0.0,93.0,0.0,12.0
2390.400000000002,0.2490000000000002,0.001,0.0022337607122927,1600.0,0.0078869062931077,0.001330556501678,0.9433948281547174,1.0,1.0,0.0,93.0,0.0,12.0
2400.0000000000014,0.2500000000000001,0.001,0.0021588421414568,1600.0,0.0090300306198698,0.0014624662621812,0.9827057530065118,1.0,1.0,0.0,93.0,0.0,12.0
2409.6000000000013,0.2510000000000001,0.001,0.0017465499779209,1600.0,0.0100779855286058,0.0015824672546722,1.0135825613771992,1.0,1.0,0.0,93.0,0.0,12.0
2419.2000000000016,0.2520000000000001,0.001,0.0010388253653854,1600.0,0.0109280504433382,0.0016786111975114,1.0361263221604082,1.0,1.0,0.0,93.0,0.0,12.0
2428.800000000001,0.2530000000000001,0.001,0.0001237673117361,1600.0,0.0115191048476582,0.0017428661273147,1.0519009164078474,1.0,1.0,0.0,93.0,0.0,12.0
2438.400000000001,0.2540000000000001,0.001,0.0008887589257777,1600.0,0.0118189625524438,0.0017704726645503,1.0624543095767762,1.0,1.0,0.0,93.0,0.0,12.0
2448.000000000002,0.2550000000000001,0.001,0.0018720041971381,1600.0,0.0118063159733547,0.001759327742418,1.0680406507326736,1.0,1.0,0.0,93.0,0.0,12.0
2457.6000000000017,0.2560000000000001,0.001,0.0027029370381093,1600.0,0.0114912832028891,0.0017108587676589,1.0689921101501545,1.0,1.0,0.0,93.0,0.0,12.0
2467.200000000002,0.2570000000000002,0.001,0.003281283184795,1600.0,0.0108926179921593,0.0016288161918358,1.064339859434921,1.0,1.0,0.0,93.0,0.0,12.0
2476.800000000002,0.2580000000000002,0.001,0.0035315879871545,1600.0,0.010073034917044,0.0015207289480108,1.0542137052640284,1.0,1.0,0.0,93.0,0.0,12.0
2486.400000000002,0.2590000000000002,0.001,0.0034340275156877,1600.0,0.0091360338149722,0.0013978813067126,1.0401776852763984,1.0,1.0,0.0,93.0,0.0,12.0
2496.000000000002,0.2600000000000002,0.001,0.0030125188781427,1600.0,0.0081728094795682,0.0012703730939158,1.0239063105564752,1.0,1.0,0.0,93.0,0.0,12.0
2505.6000000000017,0.2610000000000002,0.001,0.0023241645271207,1600.0,0.0072446525655469,0.0011502792055499,1.0023846916704953,1.0,1.0,0.0,93.0,0.0,12.0
2515.200000000002,0.2620000000000002,0.001,0.0014539362875579,1600.0,0.0064802485068257,0.0010578973023141,0.9749184349644068,1.0,1.0,0.0,93.0,0.0,12.0
2524.800000000002,0.2630000000000002,0.001,0.0005466646967437,1600.0,0.0059239193789931,0.0010032089265774,0.9398052854863802,1.0,1.0,0.0,93.0,0.0,12.0
2534.400000000001,0.2640000000000002,0.001,0.0003025077888372,1600.0,0.0055553201262377,0.000990850241732,0.892321181658196,1.0,1.0,0.0,93.0,0.0,12.0
2544.0000000000014,0.2650000000000002,0.001,0.0010390424162962,1600.0,0.0055674248568373,0.0010264970386826,0.8632106600088106,1.0,1.0,0.0,93.0,0.0,12.0
2553.6000000000013,0.2660000000000002,0.001,0.0016505423723738,1600.0,0.0060908568294754,0.0011099245219415,0.8733836877307315,1.0,1.0,0.0,93.0,0.0,12.0
2563.2000000000016,0.2670000000000002,0.001,0.0020820685124499,1600.0,0.0070534979040461,0.0012308806113112,0.912029198608738,1.0,1.0,0.0,93.0,0.0,12.0
2572.800000000001,0.2680000000000002,0.001,0.0022470390061177,1600.0,0.0081763055375055,0.0013641293009383,0.95394142009007,1.0,1.0,0.0,93.0,0.0,12.0
2582.400000000001,0.2690000000000002,0.001,0.0020868532986716,1600.0,0.0093069929181119,0.0014940247303121,0.9914520812043652,1.0,1.0,0.0,93.0,0.0,12.0
2592.0000000000014,0.2700000000000002,0.001,0.0015952834540938,1600.0,0.010316084410545,0.0016092894661679,1.020236484366684,1.0,1.0,0.0,93.0,0.0,12.0
2601.6000000000017,0.2710000000000002,0.001,0.0008258986090782,1600.0,0.0111049983493131,0.0016980613679419,1.0408430541368443,1.0,1.0,0.0,93.0,0.0,12.0
2611.200000000002,0.2720000000000002,0.001,0.0001251021860222,1600.0,0.0116256422770734,0.0017534164693993,1.055241847732968,1.0,1.0,0.0,93.0,0.0,12.0
2620.800000000002,0.2730000000000002,0.001,0.0011424380634545,1600.0,0.0118459137142182,0.0017713442732141,1.0643530744234633,1.0,1.0,0.0,93.0,0.0,12.0
2630.400000000002,0.2740000000000002,0.001,0.0020983070496612,1600.0,0.01175475988536,0.001750568060076,1.068697746337313,1.0,1.0,0.0,93.0,0.0,12.0
2640.000000000002,0.2750000000000002,0.001,0.0028740818047807,1600.0,0.0113665465551382,0.0016932050216225,1.0684128897756568,1.0,1.0,0.0,93.0,0.0,12.0
2649.6000000000017,0.2760000000000002,0.001,0.0033760302351108,1600.0,0.0107034350664821,0.00160369835891,1.0622350452809155,1.0,1.0,0.0,93.0,0.0,12.0
2659.200000000002,0.2770000000000002,0.001,0.0035393470085887,1600.0,0.0098452927489997,0.0014910218810436,1.050908123557074,1.0,1.0,0.0,93.0,0.0,12.0
2668.800000000002,0.2780000000000002,0.001,0.0033565279858226,1600.0,0.0088936290438507,0.0013659996963768,1.036211814767496,1.0,1.0,0.0,93.0,0.0,12.0
2678.400000000002,0.2790000000000002,0.001,0.0028626604053748,1600.0,0.0079332630580791,0.0012389620109814,1.0190934179987226,1.0,1.0,0.0,93.0,0.0,12.0
2688.000000000002,0.2800000000000002,0.001,0.0021182991527187,1600.0,0.0070340451963049,0.0011240483022029,0.995956366581136,1.0,1.0,0.0,93.0,0.0,12.0
2697.6000000000017,0.2810000000000002,0.001,0.0012236140476957,1600.0,0.0063228198405424,0.0010404619690611,0.9671742570368564,1.0,1.0,0.0,93.0,0.0,12.0
2707.200000000002,0.2820000000000002,0.001,0.00032571304021,1600.0,0.0058124486243186,0.0009960255465569,0.9287712882724364,1.0,1.0,0.0,93.0,0.0,12.0
2716.800000000002,0.2830000000000002,0.001,0.0004977967537029,1600.0,0.0055119081652739,0.0009950217196522,0.8816364638537787,1.0,1.0,0.0,93.0,0.0,12.0
2726.400000000002,0.2840000000000002,0.001,0.0012027927725127,1600.0,0.0056467084089688,0.0010430190908241,0.8616348093646324,1.0,1.0,0.0,93.0,0.0,12.0
2736.000000000002,0.2850000000000002,0.001,0.0017769748202734,1600.0,0.0062968868597542,0.0011373394934073,0.8811622876278457,1.0,1.0,0.0,93.0,0.0,12.0
2745.6000000000017,0.2860000000000002,0.001,0.0021511365304111,1600.0,0.007324739469513,0.0012637451949739,0.9224711580069448,1.0,1.0,0.0,93.0,0.0,12.0
2755.200000000002,0.2870000000000002,0.001,0.0022392820803111,1600.0,0.0084632123253302,0.0013973550338436,0.9639368974880412,1.0,1.0,0.0,93.0,0.0,12.0
2764.800000000002,0.2880000000000002,0.001,0.0019932380190688,1600.0,0.0095723374650075,0.0015245731074918,0.999286171986903,1.0,1.0,0.0,93.0,0.0,12.0
2774.400000000002,0.2890000000000002,0.001,0.0014244667099557,1600.0,0.0105354063128706,0.0016341235659689,1.0260925349183962,1.0,1.0,0.0,93.0,0.0,12.0
2784.000000000002,0.2900000000000002,0.001,0.0006011084524213,1600.0,0.0112595460740841,0.0017151769439827,1.0447974017772386,1.0,1.0,0.0,93.0,0.0,12.0
2793.6000000000017,0.2910000000000002,0.001,0.0003781974149448,1600.0,0.0117092235130776,0.0017614992055978,1.0579515426132098,1.0,1.0,0.0,93.0,0.0,12.0
2803.200000000002,0.2920000000000002,0.001,0.0013921897798081,1600.0,0.0118508682548629,0.0017697052409519,1.0657844137239785,1.0,1.0,0.0,93.0,0.0,12.0
2812.800000000002,0.2930000000000002,0.001,0.0023132837285976,1600.0,0.0116846640532624,0.0017395530396597,1.0690516472027922,1.0,1.0,0.0,93.0,0.0,12.0
2822.400000000002,0.2940000000000002,0.001,0.0030281546742605,1600.0,0.0112259701760733,0.0016735855263842,1.0675693690924468,1.0,1.0,0.0,93.0,0.0,12.0
2832.000000000002,0.2950000000000002,0.001,0.0034498532051357,1600.0,0.0105041824359354,0.0015772054409258,1.0599713356535518,1.0,1.0,0.0,93.0,0.0,12.0
2841.6000000000017,0.2960000000000002,0.001,0.0035257015035781,1600.0,0.0096131427020141,0.0014605536978823,1.0475336729431095,1.0,1.0,0.0,93.0,0.0,12.0
2851.200000000002,0.2970000000000002,0.001,0.0032607789471642,1600.0,0.0086533995446171,0.0013340884865895,1.0323388035494725,1.0,1.0,0.0,93.0,0.0,12.0
2860.800000000002,0.2980000000000002,0.001,0.0026982568964783,1600.0,0.0077004319300985,0.0012082215563306,1.0143518787562955,1.0,1.0,0.0,93.0,0.0,12.0
2870.400000000002,0.2990000000000002,0.001,0.0019042094044539,1600.0,0.0068387282479262,0.001099910812249,0.989550600829261,1.0,1.0,0.0,93.0,0.0,12.0
2880.000000000002,0.3000000000000002,0.001,0.0009970836061706,1600.0,0.0061787360270328,0.0010255291733662,0.9588965446340064,1.0,1.0,0.0,93.0,0.0,12.0
2889.6000000000017,0.3010000000000002,0.001,0.0001110169940422,1600.0,0.0057069653884113,0.0009914080355991,0.9161633948942906,1.0,1.0,0.0,93.0,0.0,12.0
2899.200000000002,0.3020000000000002,0.001,0.0006859595076317,1600.0,0.0054948826519514,0.0010022817735773,0.8725467815767629,1.0,1.0,0.0,93.0,0.0,12.0
2908.8000000000025,0.3030000000000002,0.001,0.0013595590991002,1600.0,0.0057581365068471,0.0010624399704576,0.8625766288403433,1.0,1.0,0.0,93.0,0.0,12.0
2918.4000000000024,0.3040000000000002,0.001,0.001893027929575,1600.0,0.0065320731092872,0.001167124467938,0.8907462336192518,1.0,1.0,0.0,93.0,0.0,12.0
2928.0000000000023,0.3050000000000002,0.001,0.0022030745079058,1600.0,0.0076044258539274,0.0012970858975561,0.9330777293228256,1.0,1.0,0.0,93.0,0.0,12.0
2937.6000000000017,0.3060000000000002,0.001,0.0022101507795864,1600.0,0.0087486063247486,0.0014302041908754,0.9735560492914532,1.0,1.0,0.0,93.0,0.0,12.0
2947.200000000002,0.3070000000000002,0.001,0.001879542568443,1600.0,0.0098298804334469,0.0015541307031715,1.006655397639787,1.0,1.0,0.0,93.0,0.0,12.0
2956.800000000002,0.3080000000000002,0.001,0.0012390682553314,1600.0,0.0107391927050306,0.0016572602345715,1.031338089315779,1.0,1.0,0.0,93.0,0.0,12.0
2966.400000000002,0.3090000000000002,0.001,0.0003664587133304,1600.0,0.0113986363635944,0.0017301552726258,1.0485471162479594,1.0,1.0,0.0,93.0,0.0,12.0
2976.000000000002,0.3100000000000002,0.001,0.0006333968128923,1600.0,0.0117731098224858,0.001767189958319,1.0602983652049778,1.0,1.0,0.0,93.0,0.0,12.0
2985.6000000000017,0.3110000000000002,0.001,0.0016360309664763,1600.0,0.0118376998722445,0.0017657037884049,1.0670127469160515,1.0,1.0,0.0,93.0,0.0,12.0
2995.200000000002,0.3120000000000002,0.001,0.0025158060558207,1600.0,0.011598979662727,0.0017263736017048,1.0693137026205204,1.0,1.0,0.0,93.0,0.0,12.0
3004.800000000002,0.3130000000000002,0.001,0.0031637325143578,1600.0,0.0110712016791587,0.0016522070583445,1.0664743648843165,1.0,1.0,0.0,93.0,0.0,12.0
3014.400000000002,0.3140000000000002,0.001,0.0035020508436726,1600.0,0.010293801919691,0.0015495158265319,1.0573041144048756,1.0,1.0,0.0,93.0,0.0,12.0
3024.000000000002,0.3150000000000002,0.001,0.0034909231827336,1600.0,0.0093759462434042,0.0014294550960372,1.0439140025723228,1.0,1.0,0.0,93.0,0.0,12.0
3033.6000000000017,0.3160000000000002,0.001,0.0031455782989637,1600.0,0.0084125831091012,0.0013021713723452,1.0282088935601723,1.0,1.0,0.0,93.0,0.0,12.0
3043.200000000002,0.3170000000000002,0.001,0.0025195218879793,1600.0,0.0074656758409932,0.0011783682484023,1.008342863299981,1.0,1.0,0.0,93.0,0.0,12.0
3052.800000000002,0.3180000000000002,0.001,0.0016809335895383,1600.0,0.006655605411233,0.0010778506714598,0.982763687508043,1.0,1.0,0.0,93.0,0.0,12.0
3062.4000000000024,0.3190000000000002,0.001,0.0007715913988855,1600.0,0.0060454249357179,0.0010130454598109,0.9497690871543244,1.0,1.0,0.0,93.0,0.0,12.0
3072.0000000000023,0.3200000000000002,0.001,0.0001017304079621,1600.0,0.005622977336573,0.0009897073855634,0.9042315446598144,1.0,1.0,0.0,93.0,0.0,12.0
3081.600000000002,0.3210000000000002,0.001,0.0008671054253633,1600.0,0.0055161743179672,0.001012889473202,0.8667544020233962,1.0,1.0,0.0,93.0,0.0,12.0
3091.2000000000025,0.3220000000000002,0.001,0.0015105278947082,1600.0,0.005910323789183,0.0010849020618171,0.8670434681878942,1.0,1.0,0.0,93.0,0.0,12.0
3100.8000000000025,0.3230000000000002,0.001,0.0019950112820427,1600.0,0.0067864966254724,0.0011985269451833,0.901193326158518,1.0,1.0,0.0,93.0,0.0,12.0
3110.4000000000024,0.3240000000000002,0.001,0.0022338429541776,1600.0,0.0078871269507831,0.0013305635975329,0.943416190956892,1.0,1.0,0.0,93.0,0.0,12.0
3120.0000000000023,0.3250000000000002,0.001,0.0021588796697629,1600.0,0.0090302136095389,0.0014624712171623,0.9827223375530522,1.0,1.0,0.0,93.0,0.0,12.0
3129.600000000002,0.3260000000000002,0.001,0.0017465503937141,1600.0,0.0100780657945452,0.0015824696708423,1.0135890864520936,1.0,1.0,0.0,93.0,0.0,12.0
3139.2000000000025,0.3270000000000002,0.001,0.0010388262618416,1600.0,0.0109280857255709,0.0016786113389976,1.0361295800582315,1.0,1.0,0.0,93.0,0.0,12.0
3148.8000000000025,0.3280000000000002,0.001,0.0001237674581675,1600.0,0.0115191525194099,0.0017428664886412,1.051905051615763,1.0,1.0,0.0,93.0,0.0,12.0
3158.4000000000024,0.3290000000000002,0.001,0.0008887588174114,1600.0,0.0118189832312096,0.0017704719729709,1.0624565834898327,1.0,1.0,0.0,93.0,0.0,12.0
3168.0000000000023,0.3300000000000002,0.001,0.0018719874188747,1600.0,0.0118062333816881,0.0017593247326904,1.06803500631675,1.0,1.0,0.0,93.0,0.0,12.0
3177.6000000000017,0.3310000000000002,0.001,0.0027028986114227,1600.0,0.0114911510548933,0.0017108543887304,1.0689825529564845,1.0,1.0,0.0,93.0,0.0,12.0
3187.200000000002,0.3320000000000002,0.001,0.0032812217926217,1600.0,0.0108924605645521,0.0016288112222093,1.064327724197866,1.0,1.0,0.0,93.0,0.0,12.0
3196.800000000002,0.3330000000000002,0.001,0.0035315432057785,1600.0,0.0100729717815643,0.0015207265955619,1.0542087284721746,1.0,1.0,0.0,93.0,0.0,12.0
3206.400000000002,0.3340000000000002,0.001,0.0034339551833898,1600.0,0.0091359520097957,0.001397878699772,1.040170311234044,1.0,1.0,0.0,93.0,0.0,12.0
3216.0000000000023,0.3350000000000002,0.001,0.0030127730342163,1600.0,0.00817183454044,0.0012703481286399,1.023804287910112,1.0,1.0,0.0,93.0,0.0,12.0
3225.600000000002,0.3360000000000002,0.001,0.0023240949316955,1600.0,0.0072445382620761,0.0011502749039515,1.002372624897665,1.0,1.0,0.0,93.0,0.0,12.0
3235.2000000000025,0.3370000000000002,0.001,0.0014538949670752,1600.0,0.0064801254284655,0.0010578929523837,0.9749039271619114,1.0,1.0,0.0,93.0,0.0,12.0
3244.8000000000025,0.3380000000000002,0.001,0.0005466825570177,1600.0,0.005923735104104,0.0010032029452902,0.9397816541620432,1.0,1.0,0.0,93.0,0.0,12.0
3254.4000000000024,0.3390000000000002,0.001,0.0003024978440273,1600.0,0.0055551976656639,0.0009908458275301,0.8923054866636604,1.0,1.0,0.0,93.0,0.0,12.0
3264.0000000000023,0.3400000000000002,0.001,0.001038939409917,1600.0,0.0055671740882488,0.0010264891386824,0.8631784222628702,1.0,1.0,0.0,93.0,0.0,12.0
3273.600000000002,0.3410000000000002,0.001,0.0016504619398866,1600.0,0.0060906547882793,0.0011099182298594,0.8733596675348971,1.0,1.0,0.0,93.0,0.0,12.0
3283.2000000000025,0.3420000000000002,0.001,0.0020820039987274,1600.0,0.0070533180513567,0.001230875242425,0.9120099213800577,1.0,1.0,0.0,93.0,0.0,12.0
3292.8000000000025,0.3430000000000002,0.001,0.0022469920125361,1600.0,0.0081761450500516,0.0013641246957296,0.9539259161758628,1.0,1.0,0.0,93.0,0.0,12.0
3302.4000000000024,0.3440000000000002,0.001,0.002086833428321,1600.0,0.009306893593308,0.0014940217356031,0.9914434876727374,1.0,1.0,0.0,93.0,0.0,12.0
3312.0000000000023,0.3450000000000002,0.001,0.0015952743963153,1600.0,0.0103160055343685,0.0016092870423428,1.0202302203141114,1.0,1.0,0.0,93.0,0.0,12.0
3321.600000000002,0.3460000000000002,0.001,0.0008258959977383,1600.0,0.0111049459270175,0.0016980596348756,1.0408392030250777,1.0,1.0,0.0,93.0,0.0,12.0
3331.2000000000025,0.3470000000000002,0.001,0.0001251019700703,1600.0,0.0116256024169371,0.0017534149998216,1.0552391141086557,1.0,1.0,0.0,93.0,0.0,12.0
3340.8000000000025,0.3480000000000002,0.001,0.0011424414027061,1600.0,0.0118459364041287,0.0017713431207629,1.0643558055862357,1.0,1.0,0.0,93.0,0.0,12.0
3350.4000000000024,0.3490000000000002,0.001,0.0020983324049991,1600.0,0.01175487454286,0.0017505736345278,1.0687047674094672,1.0,1.0,0.0,93.0,0.0,12.0
3360.0000000000023,0.3500000000000002,0.001,0.0028740937313294,1600.0,0.0113665510096627,0.0016932029591676,1.0684146098960956,1.0,1.0,0.0,93.0,0.0,12.0
3369.600000000002,0.3510000000000002,0.001,0.0033760401074405,1600.0,0.0107034270298698,0.0016036965574506,1.0622354409335024,1.0,1.0,0.0,93.0,0.0,12.0
3379.2000000000025,0.3520000000000002,0.001,0.0035393556926621,1600.0,0.0098452767674512,0.0014910200899967,1.0509076800239845,1.0,1.0,0.0,93.0,0.0,12.0
3388.8000000000025,0.3530000000000002,0.001,0.0033565374719661,1600.0,0.0088936091830651,0.0013659980964752,1.0362107143961004,1.0,1.0,0.0,93.0,0.0,12.0
3398.4000000000024,0.3540000000000002,0.001,0.0028626755670695,1600.0,0.0079332175957639,0.0012389597749353,1.019089417213159,1.0,1.0,0.0,93.0,0.0,12.0
3408.0000000000023,0.3550000000000002,0.001,0.0021183059257833,1600.0,0.007034002903294,0.001124046666444,0.9959518276260948,1.0,1.0,0.0,93.0,0.0,12.0
3417.6000000000017,0.3560000000000002,0.001,0.0012236333943448,1600.0,0.0063227718950941,0.0010404602371237,0.9671685329643538,1.0,1.0,0.0,93.0,0.0,12.0
3427.2000000000025,0.3570000000000002,0.001,0.0003257385714417,1600.0,0.0058123896377132,0.0009960241865843,0.9287631309341224,1.0,1.0,0.0,93.0,0.0,12.0
3436.800000000002,0.3580000000000002,0.001,0.0004977754355843,1600.0,0.0055118686318932,0.0009950212082882,0.8816305935308385,1.0,1.0,0.0,93.0,0.0,12.0
3446.4000000000024,0.3590000000000002,0.001,0.001202770774421,1600.0,0.0056466748822366,0.0010430188831526,0.8616298650551355,1.0,1.0,0.0,93.0,0.0,12.0
3456.0000000000027,0.3600000000000002,0.001,0.001776957684351,1600.0,0.0062968652637722,0.0011373395724494,0.8811592043304053,1.0,1.0,0.0,93.0,0.0,12.0
3465.600000000002,0.3610000000000002,0.001,0.0021511217076337,1600.0,0.007324711960699,0.001263744990381,0.922467842913566,1.0,1.0,0.0,93.0,0.0,12.0
3475.200000000003,0.3620000000000002,0.001,0.0022393231290648,1600.0,0.0084633099319609,0.001397360045901,0.9639445571250128,1.0,1.0,0.0,93.0,0.0,12.0
3484.8000000000025,0.3630000000000002,0.001,0.0019932411390364,1600.0,0.0095723521241841,0.0015245739682982,0.999287138085326,1.0,1.0,0.0,93.0,0.0,12.0
3494.400000000003,0.3640000000000002,0.001,0.0014244651846669,1600.0,0.0105353927815975,0.0016341234976576,1.026091259938083,1.0,1.0,0.0,93.0,0.0,12.0
3504.0000000000023,0.3650000000000002,0.001,0.0006011096126467,1600.0,0.011259564833305,0.0017151777567143,1.0447986474107798,1.0,1.0,0.0,93.0,0.0,12.0
3513.600000000003,0.3660000000000002,0.001,0.000378198048433,1600.0,0.0117092369534521,0.0017614998693849,1.0579523583086792,1.0,1.0,0.0,93.0,0.0,12.0
3523.2000000000025,0.3670000000000002,0.001,0.0013921912317919,1600.0,0.0118508742523112,0.0017697055887941,1.0657847436086616,1.0,1.0,0.0,93.0,0.0,12.0
3532.800000000003,0.3680000000000002,0.001,0.0023132855342603,1600.0,0.0116846682663268,0.0017395533158755,1.0690518629139836,1.0,1.0,0.0,93.0,0.0,12.0
3542.4000000000024,0.3690000000000002,0.001,0.0030281561444307,1600.0,0.0112259704074857,0.0016735856757821,1.067569295799394,1.0,1.0,0.0,93.0,0.0,12.0
3552.0000000000027,0.3700000000000003,0.001,0.0034498552037323,1600.0,0.0105041839844339,0.0015772055709222,1.059971404546715,1.0,1.0,0.0,93.0,0.0,12.0
3561.600000000002,0.3710000000000003,0.001,0.0035257039020624,1600.0,0.0096131414096451,0.0014605536968198,1.047533532877075,1.0,1.0,0.0,93.0,0.0,12.0
3571.200000000003,0.3720000000000003,0.001,0.0032607674634485,1600.0,0.0086533780801936,0.0013340878392675,1.0323367437799378,1.0,1.0,0.0,93.0,0.0,12.0
3580.8000000000025,0.3730000000000003,0.001,0.002698259973713,1600.0,0.0077004168866144,0.0012082211316676,1.0143502536505,1.0,1.0,0.0,93.0,0.0,12.0
3590.400000000003,0.3740000000000003,0.001,0.0019042131632926,1600.0,0.0068387119210407,0.0010999103535128,0.9895486510687131,1.0,1.0,0.0,93.0,0.0,12.0
3600.0000000000027,0.3750000000000003,0.001,0.000997082965694,1600.0,0.0061787330884503,0.0010255290861415,0.958896170143944,1.0,1.0,0.0,93.0,0.0,12.0
3609.600000000002,0.3760000000000003,0.001,0.0001110177799591,1600.0,0.0057069560892491,0.0009914078269028,0.9161620949169312,1.0,1.0,0.0,93.0,0.0,12.0
3619.200000000003,0.3770000000000003,0.001,0.0006859607616911,1600.0,0.0054948787208812,0.0010022817547889,0.8725461737083162,1.0,1.0,0.0,93.0,0.0,12.0
3628.8000000000025,0.3780000000000003,0.001,0.0013595613478298,1600.0,0.005758134103006,0.0010624400366374,0.8625762150115376,1.0,1.0,0.0,93.0,0.0,12.0
3638.400000000003,0.3790000000000003,0.001,0.0018930312102145,1600.0,0.0065320746060421,0.0011671246525256,0.8907462968474662,1.0,1.0,0.0,93.0,0.0,12.0
3648.000000000002,0.3800000000000003,0.001,0.0022030760129277,1600.0,0.0076044250204683,0.0012970860094396,0.9330775465707783,1.0,1.0,0.0,93.0,0.0,12.0
3657.600000000003,0.3810000000000003,0.001,0.0022101516078108,1600.0,0.0087486062592049,0.0014302043123778,0.9735559592895916,1.0,1.0,0.0,93.0,0.0,12.0
3667.2000000000025,0.3820000000000003,0.001,0.0018795412114659,1600.0,0.0098298706514554,0.0015541305141995,1.0066545182911446,1.0,1.0,0.0,93.0,0.0,12.0
3676.800000000003,0.3830000000000003,0.001,0.0012390677563371,1600.0,0.0107391871538773,0.0016572601211491,1.0313376267953769,1.0,1.0,0.0,93.0,0.0,12.0
3686.4000000000015,0.3840000000000003,0.001,0.0003664590427069,1600.0,0.0113986444317733,0.0017301554953629,1.0485477234420886,1.0,1.0,0.0,93.0,0.0,12.0
3696.0000000000023,0.3850000000000003,0.001,0.0006333999424223,1600.0,0.0117731659490215,0.0017671915769011,1.060302448879739,1.0,1.0,0.0,93.0,0.0,12.0
3705.600000000002,0.3860000000000003,0.001,0.0016360316110929,1600.0,0.0118377028403568,0.0017657038180784,1.067012996520584,1.0,1.0,0.0,93.0,0.0,12.0
3715.200000000003,0.3870000000000003,0.001,0.0025158078000296,1600.0,0.0115989884855713,0.0017263738138007,1.0693143846293902,1.0,1.0,0.0,93.0,0.0,12.0
3724.8000000000025,0.3880000000000003,0.001,0.0031637322291087,1600.0,0.0110711978806677,0.0016522069273714,1.0664740835217668,1.0,1.0,0.0,93.0,0.0,12.0
3734.400000000003,0.3890000000000003,0.001,0.0035020500785054,1600.0,0.0102937973786345,0.0015495156482497,1.0573037696306034,1.0,1.0,0.0,93.0,0.0,12.0
3744.000000000002,0.3900000000000003,0.001,0.0034909226160523,1600.0,0.0093759414314122,0.0014294549323978,1.0439135863109454,1.0,1.0,0.0,93.0,0.0,12.0
3753.600000000003,0.3910000000000003,0.001,0.0031455771800705,1600.0,0.0084125756733084,0.0013021711292108,1.0282081767187687,1.0,1.0,0.0,93.0,0.0,12.0
3763.200000000003,0.3920000000000003,0.001,0.0025195210543371,1600.0,0.0074656664154661,0.0011783679827947,1.0083418175352126,1.0,1.0,0.0,93.0,0.0,12.0
3772.800000000003,0.3930000000000003,0.001,0.0016809309995533,1600.0,0.0066555712541438,0.0010778498464322,0.9827593961288106,1.0,1.0,0.0,93.0,0.0,12.0
3782.400000000003,0.3940000000000003,0.001,0.0007715927593738,1600.0,0.0060453980525151,0.0010130449431297,0.9497653480637874,1.0,1.0,0.0,93.0,0.0,12.0
3792.0000000000023,0.3950000000000003,0.001,0.0001017249079523,1600.0,0.0056229635237962,0.0009897072375744,0.9042294586335168,1.0,1.0,0.0,93.0,0.0,12.0
3801.600000000003,0.3960000000000003,0.001,0.0008670987673194,1600.0,0.0055161627867262,0.0010128893424161,0.8667527020403589,1.0,1.0,0.0,93.0,0.0,12.0
3811.200000000003,0.3970000000000003,0.001,0.0015105207503067,1600.0,0.0059103120923207,0.0010849019616777,0.8670418322905004,1.0,1.0,0.0,93.0,0.0,12.0
3820.800000000003,0.3980000000000003,0.001,0.0019950039718445,1600.0,0.0067864830609296,0.0011985267145609,0.9011916983027392,1.0,1.0,0.0,93.0,0.0,12.0
3830.400000000003,0.3990000000000003,0.001,0.0022338370727811,1600.0,0.0078871134516367,0.001330563345242,0.9434147551436176,1.0,1.0,0.0,93.0,0.0,12.0
3840.0000000000023,0.4000000000000003,0.001,0.0021588770508798,1600.0,0.009030206342506,0.0014624711283173,0.982721606410904,1.0,1.0,0.0,93.0,0.0,12.0
3849.600000000002,0.4010000000000003,0.001,0.0017465519577558,1600.0,0.0100780754878979,0.0015824700679644,1.0135898069878826,1.0,1.0,0.0,93.0,0.0,12.0
3859.200000000003,0.4020000000000003,0.001,0.0010388273627607,1600.0,0.0109280959806663,0.0016786116751935,1.0361303448608286,1.0,1.0,0.0,93.0,0.0,12.0
3868.8000000000025,0.4030000000000003,0.001,0.0001237675883748,1600.0,0.0115191635364592,0.0017428668132604,1.0519058617460808,1.0,1.0,0.0,93.0,0.0,12.0
3878.400000000003,0.4040000000000003,0.001,0.0008887596977839,1600.0,0.0118189947195556,0.0017704722796685,1.06245743217538,1.0,1.0,0.0,93.0,0.0,12.0
3888.000000000002,0.4050000000000003,0.001,0.0018719889319131,1600.0,0.0118062427949313,0.0017593249928152,1.068035699958766,1.0,1.0,0.0,93.0,0.0,12.0
3897.600000000003,0.4060000000000003,0.001,0.0027028999354301,1600.0,0.0114911568721086,0.0017108545375723,1.0689830011122026,1.0,1.0,0.0,93.0,0.0,12.0
3907.200000000004,0.4070000000000003,0.001,0.0032812221369296,1600.0,0.010892461027654,0.0016288112269565,1.0643277663466322,1.0,1.0,0.0,93.0,0.0,12.0
3916.800000000003,0.4080000000000003,0.001,0.00353154452721,1600.0,0.010072975010132,0.001520726686519,1.054209003310944,1.0,1.0,0.0,93.0,0.0,12.0
3926.4000000000033,0.4090000000000003,0.001,0.0034339553058344,1600.0,0.0091359521719552,0.0013978787012686,1.040170328582997,1.0,1.0,0.0,93.0,0.0,12.0
3936.0000000000023,0.4100000000000003,0.001,0.0030127739056346,1600.0,0.0081718360555253,0.0012703481753837,1.023804440054798,1.0,1.0,0.0,93.0,0.0,12.0
3945.600000000004,0.4110000000000003,0.001,0.0023240944806615,1600.0,0.0072445388591172,0.0011502749321015,1.0023726829752682,1.0,1.0,0.0,93.0,0.0,12.0
3955.200000000003,0.4120000000000003,0.001,0.0014538946076965,1600.0,0.0064801293872099,0.0010578930792689,0.9749044058045934,1.0,1.0,0.0,93.0,0.0,12.0
3964.8000000000034,0.4130000000000003,0.001,0.0005466821590692,1600.0,0.0059237409304154,0.0010032031351393,0.939782400640608,1.0,1.0,0.0,93.0,0.0,12.0
3974.400000000003,0.4140000000000003,0.001,0.0003024977578546,1600.0,0.0055552003426618,0.0009908459583566,0.8923057988415876,1.0,1.0,0.0,93.0,0.0,12.0
3984.000000000003,0.4150000000000003,0.001,0.0010389399307205,1600.0,0.0055671795443329,0.0010264893604957,0.8631790816932701,1.0,1.0,0.0,93.0,0.0,12.0
3993.600000000003,0.4160000000000003,0.001,0.0016504621148177,1600.0,0.0060906571247305,0.0011099183524746,0.8733599060845345,1.0,1.0,0.0,93.0,0.0,12.0
4003.200000000003,0.4170000000000003,0.001,0.0020820058116266,1600.0,0.0070533260747408,0.0012308755336416,0.9120107430462304,1.0,1.0,0.0,93.0,0.0,12.0
4012.800000000003,0.4180000000000003,0.001,0.0022469937379118,1600.0,0.0081761524204617,0.0013641249635874,0.953926588783384,1.0,1.0,0.0,93.0,0.0,12.0
4022.400000000003,0.4190000000000003,0.001,0.0020868351091432,1600.0,0.0093069017579068,0.0014940220202688,0.9914441685237052,1.0,1.0,0.0,93.0,0.0,12.0
4032.0000000000023,0.4200000000000003,0.001,0.0015952767350661,1600.0,0.0103160190410019,0.0016092874445715,1.0202313010915731,1.0,1.0,0.0,93.0,0.0,12.0
4041.600000000003,0.4210000000000003,0.001,0.0008258958015648,1600.0,0.0111049435430368,0.0016980595919708,1.0408390058793104,1.0,1.0,0.0,93.0,0.0,12.0
4051.200000000003,0.4220000000000003,0.001,0.0001251020357118,1600.0,0.0116256096029835,0.0017534152249438,1.055239630892753,1.0,1.0,0.0,93.0,0.0,12.0
4060.800000000003,0.4230000000000003,0.001,0.0011424415018499,1600.0,0.0118459371747914,0.0017713431537369,1.0643558550169727,1.0,1.0,0.0,93.0,0.0,12.0
4070.4000000000033,0.4240000000000003,0.001,0.0020983329178689,1600.0,0.011754878056029,0.0017505737421059,1.0687050211371227,1.0,1.0,0.0,93.0,0.0,12.0
4080.0000000000023,0.4250000000000003,0.001,0.0028740940634489,1600.0,0.0113665525664188,0.001693202985095,1.068414739865292,1.0,1.0,0.0,93.0,0.0,12.0
4089.600000000004,0.4260000000000003,0.001,0.0033760393678503,1600.0,0.0107034246563384,0.0016036964707608,1.062235262798691,1.0,1.0,0.0,93.0,0.0,12.0
4099.200000000003,0.4270000000000003,0.001,0.0035393558686411,1600.0,0.0098452775711895,0.0014910201003505,1.050907758519262,1.0,1.0,0.0,93.0,0.0,12.0
4108.800000000004,0.4280000000000003,0.001,0.0033565367146618,1600.0,0.00889360593608,0.0013659979787496,1.0362104253874245,1.0,1.0,0.0,93.0,0.0,12.0
4118.400000000003,0.4290000000000003,0.001,0.0028626757034674,1600.0,0.0079332189875324,0.0012389597877917,1.0190895854228266,1.0,1.0,0.0,93.0,0.0,12.0
4128.000000000004,0.4300000000000003,0.001,0.0021183057643146,1600.0,0.0070340031072241,0.0011240466568953,0.9959518649613652,1.0,1.0,0.0,93.0,0.0,12.0
4137.600000000003,0.4310000000000003,0.001,0.0012236331224463,1600.0,0.0063227702748568,0.0010404601897454,0.9671683291641944,1.0,1.0,0.0,93.0,0.0,12.0
4147.200000000004,0.4320000000000003,0.001,0.0003257374797191,1600.0,0.0058123903098763,0.0009960242254499,0.9287632020982074,1.0,1.0,0.0,93.0,0.0,12.0
4156.800000000003,0.4330000000000003,0.001,0.0004977762656891,1600.0,0.0055118696740062,0.0009950212488989,0.8816307242353983,1.0,1.0,0.0,93.0,0.0,12.0
4166.400000000003,0.4340000000000003,0.001,0.0012027718326343,1600.0,0.0056466777361214,0.0010430189783758,0.861630221868128,1.0,1.0,0.0,93.0,0.0,12.0
4176.000000000003,0.4350000000000003,0.001,0.0017769587201347,1600.0,0.0062968679258977,0.0011373396819418,0.881159492028257,1.0,1.0,0.0,93.0,0.0,12.0
4185.600000000003,0.4360000000000003,0.001,0.0021511265979422,1600.0,0.0073247302979515,0.0012637454868363,0.9224697899039096,1.0,1.0,0.0,93.0,0.0,12.0
4195.200000000003,0.4370000000000003,0.001,0.0022392793793687,1600.0,0.0084632142739353,0.0013973555741868,0.9639367466842168,1.0,1.0,0.0,93.0,0.0,12.0
4204.800000000004,0.4380000000000003,0.001,0.001993240421356,1600.0,0.0095723506374875,0.0015245737260677,0.9992871416552752,1.0,1.0,0.0,93.0,0.0,12.0
4214.400000000003,0.4390000000000003,0.001,0.0014244644561977,1600.0,0.0105353884492225,0.0016341232039363,1.0260910224198132,1.0,1.0,0.0,93.0,0.0,12.0
4224.000000000004,0.4400000000000003,0.001,0.0006011092732834,1600.0,0.0112595582986987,0.0017151774456491,1.044798230535863,1.0,1.0,0.0,93.0,0.0,12.0
4233.600000000003,0.4410000000000003,0.001,0.0003781977498462,1600.0,0.0117092283825379,0.0017614995298481,1.0579517878347102,1.0,1.0,0.0,93.0,0.0,12.0
4243.200000000003,0.4420000000000003,0.001,0.0013921903394032,1600.0,0.0118508664569337,0.0017697052930475,1.0657842206568149,1.0,1.0,0.0,93.0,0.0,12.0
4252.800000000004,0.4430000000000003,0.001,0.0023132839615174,1600.0,0.0116846600593421,0.0017395530298028,1.0690512878492102,1.0,1.0,0.0,93.0,0.0,12.0
4262.400000000003,0.4440000000000003,0.001,0.0030281552687677,1600.0,0.0112259680534205,0.0016735855586147,1.0675691466723722,1.0,1.0,0.0,93.0,0.0,12.0
4272.000000000004,0.4450000000000003,0.001,0.0034498533270566,1600.0,0.0105041774599828,0.0015772053739161,1.059970878567138,1.0,1.0,0.0,93.0,0.0,12.0
4281.600000000003,0.4460000000000003,0.001,0.0035257030462657,1600.0,0.0096131418459938,0.0014605536757409,1.0475335955436729,1.0,1.0,0.0,93.0,0.0,12.0
4291.200000000004,0.4470000000000003,0.001,0.0032607816353655,1600.0,0.0086533991673653,0.0013340884581941,1.0323387805166493,1.0,1.0,0.0,93.0,0.0,12.0
4300.800000000003,0.4480000000000003,0.001,0.0026982584395006,1600.0,0.0077004179783963,0.0012082211701388,1.0143503651692078,1.0,1.0,0.0,93.0,0.0,12.0
4310.400000000003,0.4490000000000003,0.001,0.0019042124096883,1600.0,0.0068387128436031,0.0010999104011006,0.9895487417486958,1.0,1.0,0.0,93.0,0.0,12.0
4320.000000000003,0.4500000000000003,0.001,0.0009970853697677,1600.0,0.0061787426851939,0.0010255293661645,0.958897397662336,1.0,1.0,0.0,93.0,0.0,12.0
4329.600000000003,0.4510000000000003,0.001,0.0001110189495428,1600.0,0.0057069657114113,0.0009914080988144,0.9161633883294266,1.0,1.0,0.0,93.0,0.0,12.0
4339.200000000003,0.4520000000000003,0.001,0.0006859593330458,1600.0,0.0054948828189522,0.0010022818826365,0.8725467131526328,1.0,1.0,0.0,93.0,0.0,12.0
4348.800000000004,0.4530000000000003,0.001,0.0013595601672322,1600.0,0.0057581373471202,0.0010624401462424,0.8625766119977653,1.0,1.0,0.0,93.0,0.0,12.0
4358.400000000003,0.4540000000000003,0.001,0.0018930314556315,1600.0,0.0065320799907548,0.001167124812912,0.8907469087272494,1.0,1.0,0.0,93.0,0.0,12.0
4368.000000000004,0.4550000000000003,0.001,0.0022030772717931,1600.0,0.0076044309138087,0.0012970861789932,0.9330781477240512,1.0,1.0,0.0,93.0,0.0,12.0
4377.600000000004,0.4560000000000003,0.001,0.0022101540082612,1600.0,0.0087486163793288,0.0014302045635223,0.9735569145127604,1.0,1.0,0.0,93.0,0.0,12.0
4387.200000000003,0.4570000000000003,0.001,0.0018795411731043,1600.0,0.0098298717183859,0.0015541305459346,1.0066546069972864,1.0,1.0,0.0,93.0,0.0,12.0
4396.800000000004,0.4580000000000003,0.001,0.0012390674826419,1600.0,0.0107391847167937,0.0016572600596769,1.0313374310051462,1.0,1.0,0.0,93.0,0.0,12.0
4406.400000000003,0.4590000000000003,0.001,0.000366458819722,1600.0,0.0113986378868421,0.0017301553039279,1.0485472373993163,1.0,1.0,0.0,93.0,0.0,12.0
4416.000000000004,0.4600000000000003,0.001,0.0006333997741134,1600.0,0.0117731634703377,0.0017671915401356,1.060302247706184,1.0,1.0,0.0,93.0,0.0,12.0
4425.600000000003,0.4610000000000003,0.001,0.001636031127626,1600.0,0.0118376991025741,0.0017657037541293,1.0670126982531047,1.0,1.0,0.0,93.0,0.0,12.0
4435.200000000004,0.4620000000000003,0.001,0.0025158071266269,1600.0,0.0115989844115594,0.0017263737391845,1.0693140552621625,1.0,1.0,0.0,93.0,0.0,12.0
4444.800000000003,0.4630000000000003,0.001,0.003163740700706,1600.0,0.0110712245977739,0.0016522077172345,1.0664761473004092,1.0,1.0,0.0,93.0,0.0,12.0
4454.400000000004,0.4640000000000003,0.001,0.0035020500503644,1600.0,0.0102937972930763,0.0015495156677955,1.0573037475057534,1.0,1.0,0.0,93.0,0.0,12.0
4464.000000000003,0.4650000000000003,0.001,0.003490923293451,1600.0,0.0093759438924733,0.0014294550152209,1.043913799839863,1.0,1.0,0.0,93.0,0.0,12.0
4473.600000000004,0.4660000000000003,0.001,0.0031455772703373,1600.0,0.0084125763335217,0.0013021711662656,1.0282082281529257,1.0,1.0,0.0,93.0,0.0,12.0
4483.200000000003,0.4670000000000003,0.001,0.0025195208420518,1600.0,0.0074656658391285,0.0011783679771139,1.0083417445539422,1.0,1.0,0.0,93.0,0.0,12.0
4492.800000000004,0.4680000000000003,0.001,0.001680931372992,1600.0,0.0066555819631187,0.0010778501375499,0.9827607119774594,1.0,1.0,0.0,93.0,0.0,12.0
4502.400000000003,0.4690000000000003,0.001,0.0007715919258716,1600.0,0.0060454028268679,0.0010130450564104,0.9497659919362372,1.0,1.0,0.0,93.0,0.0,12.0
4512.000000000004,0.4700000000000003,0.001,0.0001017259974546,1600.0,0.0056229668759588,0.0009897073095892,0.9042299319000152,1.0,1.0,0.0,93.0,0.0,12.0
4521.600000000004,0.4710000000000003,0.001,0.0008670959727195,1600.0,0.0055161529251915,0.0010128889587117,0.8667514808451202,1.0,1.0,0.0,93.0,0.0,12.0
4531.200000000004,0.4720000000000003,0.001,0.0015105179602732,1600.0,0.0059103066580799,0.0010849016332519,0.8670412975623867,1.0,1.0,0.0,93.0,0.0,12.0
4540.800000000004,0.4730000000000003,0.001,0.0019950029314517,1600.0,0.0067864831805672,0.0011985266065926,0.9011917953728186,1.0,1.0,0.0,93.0,0.0,12.0
4550.400000000004,0.4740000000000003,0.001,0.0022338363654745,1600.0,0.007887113072539,0.0013305632785005,0.9434147571199084,1.0,1.0,0.0,93.0,0.0,12.0
4560.000000000004,0.4750000000000003,0.001,0.0021588760567623,1600.0,0.0090302029086248,0.0014624710138717,0.9827213096180007,1.0,1.0,0.0,93.0,0.0,12.0
4569.600000000004,0.4760000000000003,0.001,0.0017465508897214,1600.0,0.0100780690171245,0.0015824698690085,1.0135892836313878,1.0,1.0,0.0,93.0,0.0,12.0
4579.200000000004,0.4770000000000003,0.001,0.0010388274382924,1600.0,0.0109280969277149,0.0016786117356932,1.0361303973100926,1.0,1.0,0.0,93.0,0.0,12.0
4588.800000000003,0.4780000000000003,0.001,0.0001237675698757,1600.0,0.0115191614853305,0.0017428667963259,1.051905684662152,1.0,1.0,0.0,93.0,0.0,12.0
4598.400000000004,0.4790000000000003,0.001,0.0008887594079135,1600.0,0.0118189901449887,0.0017704721436717,1.06245710256037,1.0,1.0,0.0,93.0,0.0,12.0
4608.000000000003,0.4800000000000003,0.001,0.0018719889693804,1600.0,0.0118062431050327,0.0017593250004714,1.068035723363835,1.0,1.0,0.0,93.0,0.0,12.0
4617.600000000004,0.4810000000000003,0.001,0.0027028998641219,1600.0,0.0114911566459556,0.0017108545306335,1.068982984409471,1.0,1.0,0.0,93.0,0.0,12.0
4627.200000000003,0.4820000000000004,0.001,0.0032812213637351,1600.0,0.0108924577498128,0.001628811138093,1.0643275041279383,1.0,1.0,0.0,93.0,0.0,12.0
4636.800000000004,0.4830000000000004,0.001,0.0035315446485517,1600.0,0.0100729760725856,0.0015207267290866,1.0542090849953378,1.0,1.0,0.0,93.0,0.0,12.0
4646.400000000003,0.4840000000000004,0.001,0.0034339566097915,1600.0,0.0091359583010926,0.0013978788613945,1.040170907262843,1.0,1.0,0.0,93.0,0.0,12.0
4656.000000000004,0.4850000000000004,0.001,0.0030127735984491,1600.0,0.0081718387801878,0.0012703482576705,1.0238047150958811,1.0,1.0,0.0,93.0,0.0,12.0
4665.600000000003,0.4860000000000004,0.001,0.0023240944531528,1600.0,0.0072445426654266,0.0011502750411364,1.002373114610598,1.0,1.0,0.0,93.0,0.0,12.0
4675.200000000004,0.4870000000000004,0.001,0.0014538944187508,1600.0,0.0064801266381431,0.0010578930025255,0.9749040629437828,1.0,1.0,0.0,93.0,0.0,12.0
4684.800000000004,0.4880000000000004,0.001,0.000546681979131,1600.0,0.0059237402398797,0.0010032031119574,0.9397823128056833,1.0,1.0,0.0,93.0,0.0,12.0
4694.400000000004,0.4890000000000004,0.001,0.0003024982057862,1600.0,0.0055552021762815,0.0009908460039272,0.8923060523288197,1.0,1.0,0.0,93.0,0.0,12.0
4704.000000000004,0.4900000000000004,0.001,0.0010389409807301,1600.0,0.0055671838119432,0.0010264894764919,0.8631796458352918,1.0,1.0,0.0,93.0,0.0,12.0
4713.600000000004,0.4910000000000004,0.001,0.0016504631832238,1600.0,0.0060906610769894,0.0011099184598473,0.8733603883239781,1.0,1.0,0.0,93.0,0.0,12.0
4723.200000000004,0.4920000000000004,0.001,0.0020820050703113,1600.0,0.0070533229291473,0.0012308754514151,0.9120103972392462,1.0,1.0,0.0,93.0,0.0,12.0
4732.800000000004,0.4930000000000004,0.001,0.0022469940167164,1600.0,0.0081761538210164,0.0013641250053237,0.9539267230026404,1.0,1.0,0.0,93.0,0.0,12.0
4742.400000000004,0.4940000000000004,0.001,0.0020868348270001,1600.0,0.0093069007998486,0.0014940219732222,0.9914440976843092,1.0,1.0,0.0,93.0,0.0,12.0
4752.000000000004,0.4950000000000004,0.001,0.0015952762144599,1600.0,0.010316016220365,0.0016092873665909,1.0202310715738214,1.0,1.0,0.0,93.0,0.0,12.0
4761.600000000004,0.4960000000000004,0.001,0.0008258961660558,1600.0,0.0111049491749117,0.0016980597595125,1.0408394310450022,1.0,1.0,0.0,93.0,0.0,12.0
4771.200000000004,0.4970000000000004,0.001,0.0001251020082937,1600.0,0.0116256070604424,0.0017534151446395,1.0552394484386487,1.0,1.0,0.0,93.0,0.0,12.0
4780.800000000004,0.4980000000000004,0.001,0.0011424419142315,1600.0,0.011845942823944,0.0017713433214362,1.0643562618261802,1.0,1.0,0.0,93.0,0.0,12.0
4790.400000000004,0.4990000000000004,0.001,0.0020983333846778,1600.0,0.0117548813316347,0.0017505738376031,1.068705260641775,1.0,1.0,0.0,93.0,0.0,12.0
