T,CL,CD,Lift(N),Drag(N),Vinf,alpha(eff),vVehicle_x,vVehicle_y,vVehicle_z,phi,theta,psi 
0.0054076171875,-0.1513260319931234,0.004523736801469553,-0.20079744477280403,0.006002634038544416,6.399999999999988,-2.4,0.0,0.0,0.0,0.0,0.0,0.0
0.0072101562499999996,-0.1439578178895647,0.00462927577398772,-0.19102041867196268,0.006142675746679327,6.399999999999988,-2.4,0.0,0.0,0.0,0.0,0.0,0.0
0.0090126953125,-0.1525568479107072,0.004683277814005034,-0.20243063826886923,0.006214332100217283,6.399999999999988,-2.4,0.0,0.0,0.0,0.0,0.0,0.0
0.010815234375,-0.16096373640068395,0.004784201446332668,-0.21358590154408644,0.006348249624001293,6.399999999999988,-2.4,0.0,0.0,0.0,0.0,0.0,0.0
0.0126177734375,-0.16975781521703773,0.004856548402018939,-0.22525493516769143,0.006444248201691842,6.399999999999988,-2.4,0.0,0.0,0.0,0.0,0.0,0.0
0.0144203125,-0.17759110493025462,0.004918498346186659,-0.23564907910883778,0.006526450783289048,6.399999999999988,-2.4,0.0,0.0,0.0,0.0,0.0,0.0
0.0162228515625,-0.18451085875930204,0.004946500053435189,-0.24483103457961025,0.006563606791351404,6.399999999999988,-2.4,0.0,0.0,0.0,0.0,0.0,0.0
0.018025390625000002,-0.19117896229490713,0.004976226775029098,-0.25367907039866117,0.00660305175438196,6.399999999999988,-2.4,0.0,0.0,0.0,0.0,0.0,0.0
0.019827929687500002,-0.19745010642006897,0.004996753645476203,-0.2620003730823376,0.006630289256619172,6.399999999999988,-2.4,0.0,0.0,0.0,0.0,0.0,0.0
0.021630468750000003,-0.20270841842685422,0.005012508488609949,-0.2689777291979636,0.006651194663325378,6.399999999999988,-2.4,0.0,0.0,0.0,0.0,0.0,0.0
0.023433007812500004,-0.20788524690389862,0.005018339996253458,-0.2758469632387057,0.006658932603840748,6.399999999999988,-2.4,0.0,0.0,0.0,0.0,0.0,0.0
0.025235546875000004,-0.2123599428541084,0.005019311603381196,-0.2817845240212297,0.0066602218481697185,6.399999999999988,-2.4,0.0,0.0,0.0,0.0,0.0,0.0
0.027038085937500005,-0.21667589272621343,0.005014657478617736,-0.28751144155598396,0.006654046199817299,6.399999999999988,-2.4,0.0,0.0,0.0,0.0,0.0,0.0
0.028840625000000005,-0.22007239270659656,0.005000818512047586,-0.29201832320912086,0.006635683006855835,6.399999999999988,-2.4,0.0,0.0,0.0,0.0,0.0,0.0
0.030643164062500006,-0.22338268096345684,0.004978900043090598,-0.2964108088554052,0.006606598965584632,6.399999999999988,-2.4,0.0,0.0,0.0,0.0,0.0,0.0
0.032445703125,-0.22711872859407992,0.004965509346919066,-0.3013682428665785,0.006588830591303236,6.399999999999988,-2.4,0.0,0.0,0.0,0.0,0.0,0.0
0.0342482421875,-0.23075308407724415,0.004960472560518218,-0.3061907395963452,0.00658214718180762,6.399999999999988,-2.4,0.0,0.0,0.0,0.0,0.0,0.0
0.03605078125,-0.23428967191532907,0.004956525898890021,-0.3108835065429753,0.006576910280001056,6.399999999999988,-2.4,0.0,0.0,0.0,0.0,0.0,0.0
0.037853320312499994,-0.23726939704606032,0.004946859651617741,-0.3148373615703994,0.0065640839491493755,6.399999999999988,-2.4,0.0,0.0,0.0,0.0,0.0,0.0
0.03965585937499999,-0.24005367095066618,0.004930505447155709,-0.31853186857774535,0.006542383238280162,6.399999999999988,-2.4,0.0,0.0,0.0,0.0,0.0,0.0
0.04145839843749999,-0.24254242246292076,0.004914013948499096,-0.3218342411950217,0.006520500349083197,6.399999999999988,-2.4,0.0,0.0,0.0,0.0,0.0,0.0
0.043260937499999985,-0.24546107421631416,0.004889965424972108,-0.32570705677436423,0.00648858989711947,6.399999999999988,-2.4,0.0,0.0,0.0,0.0,0.0,0.0
0.04506347656249998,-0.24752236284416565,0.004873916906928369,-0.3284422206054665,0.0064672948074833425,6.399999999999988,-2.4,0.0,0.0,0.0,0.0,0.0,0.0
0.04686601562499998,-0.2503139465373852,0.004830351740286276,-0.33214642711299847,0.006409487343508927,6.399999999999988,-2.4,0.0,0.0,0.0,0.0,0.0,0.0
0.048668554687499976,-0.2528344885884419,0.004824044849107375,-0.3354909832123587,0.006401118607366815,6.399999999999988,-2.4,0.0,0.0,0.0,0.0,0.0,0.0
0.05047109374999997,-0.25507919493819187,0.004801702783324862,-0.3384695275735534,0.006371472487257893,6.399999999999988,-2.4,0.0,0.0,0.0,0.0,0.0,0.0
0.05227363281249997,-0.25727158319670457,0.004786467338804093,-0.34137865004548373,0.006351256280637956,6.399999999999988,-2.4,0.0,0.0,0.0,0.0,0.0,0.0
0.05407617187499997,-0.2591458363307796,0.004774734510489345,-0.34386563285487104,0.006335687763347643,6.399999999999988,-2.4,0.0,0.0,0.0,0.0,0.0,0.0
0.055878710937499965,-0.26144585505464984,0.004748622376820307,-0.34691757227732106,0.00630103906709063,6.399999999999988,-2.4,0.0,0.0,0.0,0.0,0.0,0.0
0.05768124999999996,-0.2631109626932332,0.004734132111681647,-0.34912703587519306,0.006281811653435486,6.399999999999988,-2.4,0.0,0.0,0.0,0.0,0.0,0.0
0.05948378906249996,-0.2650779386671791,0.004708656660337091,-0.35173705441791003,0.006248007783294669,6.399999999999988,-2.4,0.0,0.0,0.0,0.0,0.0,0.0
0.061286328124999956,-0.26647548272768584,0.004689858247744515,-0.35359148271825636,0.006223063805284687,6.399999999999988,-2.4,0.0,0.0,0.0,0.0,0.0,0.0
0.06308886718749995,-0.2681237250115991,0.004666768111679724,-0.3557785673501412,0.006192425056219509,6.399999999999988,-2.4,0.0,0.0,0.0,0.0,0.0,0.0
0.06489140624999995,-0.26951038564004554,0.004644530155171387,-0.35761855421354977,0.0061629170807242836,6.399999999999988,-2.4,0.0,0.0,0.0,0.0,0.0,0.0
0.06669394531249995,-0.27096766551398654,0.004625640821050257,-0.35955224712251,0.006137852457175871,6.399999999999988,-2.4,0.0,0.0,0.0,0.0,0.0,0.0
0.06849648437499994,-0.2725182214677068,0.004609851948961494,-0.36160970986955693,0.0061169018967897225,6.399999999999988,-2.4,0.0,0.0,0.0,0.0,0.0,0.0
0.07029902343749994,-0.2739980050579269,0.004595294665258881,-0.363573263395803,0.00609758555490315,6.399999999999988,-2.4,0.0,0.0,0.0,0.0,0.0,0.0
0.07210156249999994,-0.2751669009082303,0.004580319533691977,-0.3651242939544918,0.006077714762586945,6.399999999999988,-2.4,0.0,0.0,0.0,0.0,0.0,0.0
0.07390410156249994,-0.2761969641734731,0.004565411263070052,-0.366491104865284,0.006057932689354496,6.399999999999988,-2.4,0.0,0.0,0.0,0.0,0.0,0.0
0.07570664062499993,-0.2771438324487836,0.004550624297217812,-0.3677475227314937,0.006038311577772005,6.399999999999988,-2.4,0.0,0.0,0.0,0.0,0.0,0.0
0.07750917968749993,-0.27795559716330825,0.0045381815437174474,-0.3688246690643909,0.006021801046993503,6.399999999999988,-2.4,0.0,0.0,0.0,0.0,0.0,0.0
0.07931171874999993,-0.27866504335987197,0.004531845617307412,-0.36976604697272225,0.006013393783440453,6.399999999999988,-2.4,0.0,0.0,0.0,0.0,0.0,0.0
0.08111425781249992,-0.2793752507844122,0.004518168358170546,-0.37070843496920947,0.00599524516320634,6.399999999999988,-2.4,0.0,0.0,0.0,0.0,0.0,0.0
0.08291679687499992,-0.28007253927323156,0.00450452125385645,-0.3716336805795006,0.005977136555991007,6.399999999999988,-2.4,0.0,0.0,0.0,0.0,0.0,0.0
0.08471933593749992,-0.28091208216781033,0.004483729529424375,-0.37274768631789357,0.005949547613867879,6.399999999999988,-2.4,0.0,0.0,0.0,0.0,0.0,0.0
0.08652187499999991,-0.28158100406397074,0.004475050592196462,-0.3736352917465993,0.00593803136384959,6.399999999999988,-2.4,0.0,0.0,0.0,0.0,0.0,0.0
0.08832441406249991,-0.28214571809034455,0.004465659684031005,-0.3743846217331833,0.005925570385795229,6.399999999999988,-2.4,0.0,0.0,0.0,0.0,0.0,0.0
0.09012695312499991,-0.2826816363732203,0.004456191512663065,-0.37509574208961594,0.005913006885700018,6.399999999999988,-2.4,0.0,0.0,0.0,0.0,0.0,0.0
0.0919294921874999,-0.28318816953030757,0.004446766342099767,-0.3757678707531128,0.005900500444205907,6.399999999999988,-2.4,0.0,0.0,0.0,0.0,0.0,0.0
0.0937320312499999,-0.28368743203331714,0.004437606990450767,-0.37643035184479806,0.0058883467229811385,6.399999999999988,-2.4,0.0,0.0,0.0,0.0,0.0,0.0
0.0955345703124999,-0.28417441818423744,0.004428986878966173,-0.3770765432069622,0.005876908529981789,6.399999999999988,-2.4,0.0,0.0,0.0,0.0,0.0,0.0
0.0973371093749999,-0.28467207168433317,0.004420976418490731,-0.37773688928149624,0.005866279294722416,6.399999999999988,-2.4,0.0,0.0,0.0,0.0,0.0,0.0
0.0991396484374999,-0.28513837932616426,0.0044129855029011915,-0.37835564192917004,0.005855675993950956,6.399999999999988,-2.4,0.0,0.0,0.0,0.0,0.0,0.0
0.10094218749999989,-0.2855566660685706,0.004405158729157844,-0.37891067471468143,0.005845290496176518,6.399999999999988,-2.4,0.0,0.0,0.0,0.0,0.0,0.0
0.10274472656249989,-0.2858738495941062,0.0043970287664249885,-0.379331551682198,0.005834502691055653,6.399999999999988,-2.4,0.0,0.0,0.0,0.0,0.0,0.0
0.10454726562499989,-0.28617203321262613,0.004390199278331028,-0.37972721730484926,0.005825440510938251,6.399999999999988,-2.4,0.0,0.0,0.0,0.0,0.0,0.0
0.10634980468749988,-0.2864796553460768,0.004383667520163475,-0.38013540707589444,0.005816773394430642,6.399999999999988,-2.4,0.0,0.0,0.0,0.0,0.0,0.0
0.10815234374999988,-0.28678034022826093,0.004377282440709276,-0.38053439167378,0.005808300908750632,6.399999999999988,-2.4,0.0,0.0,0.0,0.0,0.0,0.0
0.10995488281249988,-0.2870932552080449,0.004370348481194187,-0.38094960462520805,0.0057991001034797245,6.399999999999988,-2.4,0.0,0.0,0.0,0.0,0.0,0.0
0.11175742187499987,-0.2875029099858656,0.004353715923953335,-0.38149318348961053,0.005777030040913408,6.399999999999988,-2.4,0.0,0.0,0.0,0.0,0.0,0.0
0.11355996093749987,-0.2878367951220749,0.0043471203077902676,-0.3819362221480318,0.0057682781899938895,6.399999999999988,-2.4,0.0,0.0,0.0,0.0,0.0,0.0
0.11536249999999987,-0.2881353870072158,0.004341198982638176,-0.38233242950757534,0.0057604210688855855,6.399999999999988,-2.4,0.0,0.0,0.0,0.0,0.0,0.0
0.11716503906249986,-0.2882299833045239,0.004348262726059934,-0.38245795116788883,0.005769794086937657,6.399999999999988,-2.4,0.0,0.0,0.0,0.0,0.0,0.0
0.11896757812499986,-0.2884281767561675,0.004343147677818261,-0.3827209379001554,0.005763006830288621,6.399999999999988,-2.4,0.0,0.0,0.0,0.0,0.0,0.0
0.12077011718749986,-0.28863871884581305,0.004338025718555032,-0.3830003102795215,0.0057562104032711356,6.399999999999988,-2.4,0.0,0.0,0.0,0.0,0.0,0.0
0.12257265624999986,-0.2888362566845517,0.004334145373814548,-0.3832624270663178,0.005751061498628198,6.399999999999988,-2.4,0.0,0.0,0.0,0.0,0.0,0.0
0.12437519531249985,-0.28903641415477865,0.004329537679834788,-0.38352801989290813,0.005744947460182566,6.399999999999988,-2.4,0.0,0.0,0.0,0.0,0.0,0.0
0.12617773437499985,-0.2892018692842612,0.004326612133993993,-0.38374756551098244,0.005741065496705032,6.399999999999988,-2.4,0.0,0.0,0.0,0.0,0.0,0.0
0.12798027343749985,-0.28937967413092985,0.00432247104134188,-0.38398349820814653,0.0057355706006044765,6.399999999999988,-2.4,0.0,0.0,0.0,0.0,0.0,0.0
0.12978281249999984,-0.28955236838227816,0.004318587059048182,-0.38421264955732926,0.005730416869221678,6.399999999999988,-2.4,0.0,0.0,0.0,0.0,0.0,0.0
0.13158535156249984,-0.28971437082396956,0.004315013392152062,-0.3844276137370552,0.005725674901354294,6.399999999999988,-2.4,0.0,0.0,0.0,0.0,0.0,0.0
0.13338789062499984,-0.28986998232020894,0.004311489015827538,-0.384634097647395,0.005720998338101685,6.399999999999988,-2.4,0.0,0.0,0.0,0.0,0.0,0.0
0.13519042968749984,-0.2900196938402889,0.004308081627776628,-0.38483275276501866,0.005716477008856739,6.399999999999988,-2.4,0.0,0.0,0.0,0.0,0.0,0.0
0.13699296874999983,-0.29016101992600957,0.004304877243474171,-0.3850202810872688,0.005712225049220127,6.399999999999988,-2.4,0.0,0.0,0.0,0.0,0.0,0.0
0.13879550781249983,-0.2902920942217357,0.00430189015365887,-0.3851942061106805,0.005708261421850009,6.399999999999988,-2.4,0.0,0.0,0.0,0.0,0.0,0.0
0.14059804687499983,-0.2904156074010658,0.0042990066306166815,-0.3853580981422008,0.00570443521923841,6.399999999999988,-2.4,0.0,0.0,0.0,0.0,0.0,0.0
0.14240058593749982,-0.2905396338246775,0.00429611004125171,-0.38552267120750566,0.0057005916786698665,6.399999999999988,-2.4,0.0,0.0,0.0,0.0,0.0,0.0
0.14420312499999982,-0.2906590792258416,0.0042933050488849454,-0.38568116562533794,0.005696869679933528,6.399999999999988,-2.4,0.0,0.0,0.0,0.0,0.0,0.0
0.14600566406249982,-0.29077331743914003,0.004290684315810285,-0.38583275052466826,0.005693392178423099,6.399999999999988,-2.4,0.0,0.0,0.0,0.0,0.0,0.0
0.14780820312499982,-0.290869990247368,0.004287782730349174,-0.38596102754756717,0.005689542008437755,6.399999999999988,-2.4,0.0,0.0,0.0,0.0,0.0,0.0
0.1496107421874998,-0.2909694944877989,0.004284926367213783,-0.3860930616527335,0.005685751844832885,6.399999999999988,-2.4,0.0,0.0,0.0,0.0,0.0,0.0
0.1514132812499998,-0.2910817018175854,0.004283213155566257,-0.38624195173337034,0.005683478551093221,6.399999999999988,-2.4,0.0,0.0,0.0,0.0,0.0,0.0
0.1532158203124998,-0.2911871641124678,0.004280871799369729,-0.38638189169646425,0.005680371760177119,6.399999999999988,-2.4,0.0,0.0,0.0,0.0,0.0,0.0
0.1550183593749998,-0.29128709087426413,0.004278142006770955,-0.3865144864534194,0.00567674954547041,6.399999999999988,-2.4,0.0,0.0,0.0,0.0,0.0,0.0
0.1568208984374998,-0.2913839572228357,0.004276134233059622,-0.3866430202887514,0.005674085391619234,6.399999999999988,-2.4,0.0,0.0,0.0,0.0,0.0,0.0
0.1586234374999998,-0.2914725743895138,0.004273616171833683,-0.3867606081247476,0.0056707441273748035,6.399999999999988,-2.4,0.0,0.0,0.0,0.0,0.0,0.0
0.1604259765624998,-0.2915534832603686,0.004271705308386251,-0.38686796767361786,0.005668208565631062,6.399999999999988,-2.4,0.0,0.0,0.0,0.0,0.0,0.0
0.1622285156249998,-0.29161704523698423,0.004269832380553689,-0.38695230929231367,0.005665723341389938,6.399999999999988,-2.4,0.0,0.0,0.0,0.0,0.0,0.0
0.1640310546874998,-0.2916915685722496,0.004269653566299637,-0.38705119575024916,0.005665486069290554,6.399999999999988,-2.4,0.0,0.0,0.0,0.0,0.0,0.0
0.16583359374999979,-0.2917817610461885,0.0042678125134631454,-0.38717087389198157,0.0056630431405995,6.399999999999988,-2.4,0.0,0.0,0.0,0.0,0.0,0.0
0.16763613281249978,-0.29186537063770374,0.004265020540502546,-0.38728181707944004,0.005659338417565538,6.399999999999988,-2.4,0.0,0.0,0.0,0.0,0.0,0.0
0.16943867187499978,-0.29193281605757715,0.004263404119722273,-0.3873713117142615,0.005657193557503581,6.399999999999988,-2.4,0.0,0.0,0.0,0.0,0.0,0.0
0.17124121093749978,-0.29200060285879886,0.004262054004920052,-0.3874612593346105,0.005655402064005302,6.399999999999988,-2.4,0.0,0.0,0.0,0.0,0.0,0.0
0.17304374999999977,-0.29209128148915914,0.004259365996026797,-0.3875815825667208,0.005651835292907275,6.399999999999988,-2.4,0.0,0.0,0.0,0.0,0.0,0.0
0.17484628906249977,-0.29215949494761667,0.004257654476018505,-0.3876720963268253,0.005649564243836497,6.399999999999988,-2.4,0.0,0.0,0.0,0.0,0.0,0.0
0.17664882812499977,-0.2922435749165161,0.004256199231814284,-0.38778366366715145,0.005647633252097143,6.399999999999988,-2.4,0.0,0.0,0.0,0.0,0.0,0.0
0.17845136718749977,-0.2923139081820588,0.004254330751339596,-0.38787699024036226,0.005645153929141378,6.399999999999988,-2.4,0.0,0.0,0.0,0.0,0.0,0.0
0.18025390624999976,-0.29238739948366754,0.00425261692636719,-0.3879745072728364,0.0056428798215690445,6.399999999999988,-2.4,0.0,0.0,0.0,0.0,0.0,0.0
0.18205644531249976,-0.29245785501587246,0.004251020282220317,-0.388067996084051,0.005640761203505246,6.399999999999988,-2.4,0.0,0.0,0.0,0.0,0.0,0.0
0.18385898437499976,-0.29252371369246766,0.004249802600614662,-0.3881553852384632,0.00563914543818224,6.399999999999988,-2.4,0.0,0.0,0.0,0.0,0.0,0.0
0.18566152343749975,-0.292592705563896,0.004248300945083787,-0.38824693188982545,0.00563715286235403,6.399999999999988,-2.4,0.0,0.0,0.0,0.0,0.0,0.0
0.18746406249999975,-0.29261372257424406,0.004249122283956847,-0.3882748197681969,0.005638242712823449,6.399999999999988,-2.4,0.0,0.0,0.0,0.0,0.0,0.0
0.18926660156249975,-0.29267685716006875,0.004246063764208417,-0.3883585942737688,0.005634184303690644,6.399999999999988,-2.4,0.0,0.0,0.0,0.0,0.0,0.0
0.19106914062499974,-0.29270953928774396,0.004246160803856708,-0.38840196082240874,0.005634313067480734,6.399999999999988,-2.4,0.0,0.0,0.0,0.0,0.0,0.0
0.19287167968749974,-0.2927586395674003,0.0042453654383360516,-0.3884671129351204,0.00563325768155602,6.399999999999988,-2.4,0.0,0.0,0.0,0.0,0.0,0.0
0.19467421874999974,-0.29279568800331157,0.0042442248586358105,-0.38851627322278426,0.005631744224245657,6.399999999999988,-2.4,0.0,0.0,0.0,0.0,0.0,0.0
0.19647675781249974,-0.2928642192882781,0.0042417078058153744,-0.3886072087130435,0.005628404298074034,6.399999999999988,-2.4,0.0,0.0,0.0,0.0,0.0,0.0
0.19827929687499973,-0.29292019011823206,0.004239903974897037,-0.3886814774921064,0.005626010759867595,6.399999999999988,-2.4,0.0,0.0,0.0,0.0,0.0,0.0
0.20008183593749973,-0.29296783792257847,0.004237680375595036,-0.3887447022871782,0.005623060222857143,6.399999999999988,-2.4,0.0,0.0,0.0,0.0,0.0,0.0
0.20188437499999973,-0.29301456619569793,0.0042372231052929706,-0.3888067069384431,0.005622453462030763,6.399999999999988,-2.4,0.0,0.0,0.0,0.0,0.0,0.0
0.20368691406249972,-0.29306768185146714,0.004236005659681763,-0.38887718713154285,0.005620838009853365,6.399999999999988,-2.4,0.0,0.0,0.0,0.0,0.0,0.0
0.20548945312499972,-0.2931211315933814,0.004234862663532319,-0.38894811063002344,0.005619321346109721,6.399999999999988,-2.4,0.0,0.0,0.0,0.0,0.0,0.0
0.20729199218749972,-0.29316466433051686,0.004233630273249107,-0.38900587506265705,0.005617686063557389,6.399999999999988,-2.4,0.0,0.0,0.0,0.0,0.0,0.0
0.20909453124999972,-0.2932065984677393,0.004232977942015175,-0.3890615182820827,0.005616820472599946,6.399999999999988,-2.4,0.0,0.0,0.0,0.0,0.0,0.0
0.2108970703124997,-0.29323926928760774,0.004232265747320913,-0.3891048698261747,0.005615875447656749,6.399999999999988,-2.4,0.0,0.0,0.0,0.0,0.0,0.0
0.2126996093749997,-0.2932754079518037,0.004230522511881599,-0.38915282292011677,0.005613562314765856,6.399999999999988,-2.4,0.0,0.0,0.0,0.0,0.0,0.0
0.2145021484374997,-0.2933140172376763,0.004229861578420321,-0.38920405432984595,0.005612685309346222,6.399999999999988,-2.4,0.0,0.0,0.0,0.0,0.0,0.0
0.2163046874999997,-0.29333659005662466,0.004229453218733521,-0.389234006640803,0.0056121434489631965,6.399999999999988,-2.4,0.0,0.0,0.0,0.0,0.0,0.0
0.2181072265624997,-0.2933654164612461,0.004228492193619665,-0.38927225695579326,0.005610868246113541,6.399999999999988,-2.4,0.0,0.0,0.0,0.0,0.0,0.0
0.2199097656249997,-0.29339843131102394,0.004227574434004483,-0.3893160649998399,0.005609650453092624,6.399999999999988,-2.4,0.0,0.0,0.0,0.0,0.0,0.0
0.2217123046874997,-0.29343156342529303,0.0042270128705012185,-0.38936002864441266,0.005608905303596215,6.399999999999988,-2.4,0.0,0.0,0.0,0.0,0.0,0.0
0.2235148437499997,-0.29345985286658793,0.004226560630831848,-0.38939756645235785,0.005608305218013858,6.399999999999988,-2.4,0.0,0.0,0.0,0.0,0.0,0.0
0.2253173828124997,-0.29348756626924927,0.004225924856005669,-0.38943433990347565,0.005607461596074749,6.399999999999988,-2.4,0.0,0.0,0.0,0.0,0.0,0.0
0.2271199218749997,-0.29351613157538275,0.004225137659455728,-0.3894722437618219,0.005606417049715606,6.399999999999988,-2.4,0.0,0.0,0.0,0.0,0.0,0.0
0.22892246093749968,-0.2935517525326883,0.004225097648899614,-0.38951950990045714,0.0056063639589332345,6.399999999999988,-2.4,0.0,0.0,0.0,0.0,0.0,0.0
0.23072499999999968,-0.29357837539368686,0.004224532836181618,-0.38955483629070636,0.005605614497990824,6.399999999999988,-2.4,0.0,0.0,0.0,0.0,0.0,0.0
0.23252753906249968,-0.29361190873243526,0.004223857009017095,-0.389599332327817,0.005604717729827694,6.399999999999988,-2.4,0.0,0.0,0.0,0.0,0.0,0.0
0.23433007812499967,-0.29363988828632004,0.0042234274330531394,-0.38963645894015164,0.005604147717155307,6.399999999999988,-2.4,0.0,0.0,0.0,0.0,0.0,0.0
0.23613261718749967,-0.2936241044655646,0.004223491854892302,-0.3896155150824776,0.005604233199742282,6.399999999999988,-2.4,0.0,0.0,0.0,0.0,0.0,0.0
0.23793515624999967,-0.2936319711683416,0.004222864829966222,-0.38962595356286067,0.0056034011882152,6.399999999999988,-2.4,0.0,0.0,0.0,0.0,0.0,0.0
0.23973769531249967,-0.29365585855572696,0.004222896405628789,-0.389657650200155,0.005603443086573843,6.399999999999988,-2.4,0.0,0.0,0.0,0.0,0.0,0.0
0.24154023437499966,-0.2936893220139428,0.004222110965558858,-0.3897020535114327,0.0056024008709220675,6.399999999999988,-2.4,0.0,0.0,0.0,0.0,0.0,0.0
0.24334277343749966,-0.2937188749046031,0.004221349036724508,-0.3897412678148283,0.005601389852784467,6.399999999999988,-2.4,0.0,0.0,0.0,0.0,0.0,0.0
0.24514531249999966,-0.2937449416159466,0.004220617723993701,-0.38977585623932126,0.005600419459748042,6.399999999999988,-2.4,0.0,0.0,0.0,0.0,0.0,0.0
0.24694785156249965,-0.2937689640916187,0.004219997823127856,-0.38980773212788145,0.005599596901274562,6.399999999999988,-2.4,0.0,0.0,0.0,0.0,0.0,0.0
0.24875039062499965,-0.29379229821430636,0.004219273787131272,-0.38983869462752535,0.005598636163877811,6.399999999999988,-2.4,0.0,0.0,0.0,0.0,0.0,0.0
0.25055292968749965,-0.2938204597158202,0.004218282921201697,-0.38987606266969543,0.005597321364671419,6.399999999999988,-2.4,0.0,0.0,0.0,0.0,0.0,0.0
0.25235546874999965,-0.2938530561609556,0.00421724095028051,-0.3899193155245126,0.005595938753261168,6.399999999999988,-2.4,0.0,0.0,0.0,0.0,0.0,0.0
0.25415800781249964,-0.2938838456867578,0.004216037650681428,-0.38996017074304584,0.005594342071701428,6.399999999999988,-2.4,0.0,0.0,0.0,0.0,0.0,0.0
0.25596054687499964,-0.29391598140848674,0.004215194645220775,-0.3900028122550456,0.005593223471417001,6.399999999999988,-2.4,0.0,0.0,0.0,0.0,0.0,0.0
0.25776308593749964,-0.2939448845202561,0.004214435753504421,-0.39004116435423714,0.005592216483290134,6.399999999999988,-2.4,0.0,0.0,0.0,0.0,0.0,0.0
0.25956562499999963,-0.29397349092649494,0.004213675112425226,-0.39007912274910966,0.005591207173899807,6.399999999999988,-2.4,0.0,0.0,0.0,0.0,0.0,0.0
0.26136816406249963,-0.29400051889329903,0.004212492398754794,-0.3901149866821038,0.00558963780820778,6.399999999999988,-2.4,0.0,0.0,0.0,0.0,0.0,0.0
0.2631707031249996,-0.2940233317501298,0.0042119720287499655,-0.39014525750397927,0.005588947319162836,6.399999999999988,-2.4,0.0,0.0,0.0,0.0,0.0,0.0
0.2649732421874996,-0.29404462067367665,0.0042114552743897195,-0.39017350618924423,0.005588261627786767,6.399999999999988,-2.4,0.0,0.0,0.0,0.0,0.0,0.0
0.2667757812499996,-0.2940673186264466,0.0042108849771718875,-0.39020362454269436,0.005587504889355226,6.399999999999988,-2.4,0.0,0.0,0.0,0.0,0.0,0.0
0.2685783203124996,-0.2940837212191456,0.004210471476608235,-0.3902253894608531,0.005586956207443067,6.399999999999988,-2.4,0.0,0.0,0.0,0.0,0.0,0.0
0.2703808593749996,-0.29409577797651276,0.004210142784940491,-0.3902413878058813,0.0055865200600986094,6.399999999999988,-2.4,0.0,0.0,0.0,0.0,0.0,0.0
0.2721833984374996,-0.2941049392027706,0.004209863571838627,-0.3902535440145608,0.005586149566822185,6.399999999999988,-2.4,0.0,0.0,0.0,0.0,0.0,0.0
0.2739859374999996,-0.2941092952499321,0.004209698651004291,-0.39025932413796605,0.005585930730170696,6.399999999999988,-2.4,0.0,0.0,0.0,0.0,0.0,0.0
0.2757884765624996,-0.29411226767970183,0.004209493036432534,-0.3902632683126376,0.005585657896210319,6.399999999999988,-2.4,0.0,0.0,0.0,0.0,0.0,0.0
0.2775910156249996,-0.29412278250178453,0.00420906636919267,-0.39027722063385184,0.005585091743180305,6.399999999999988,-2.4,0.0,0.0,0.0,0.0,0.0,0.0
0.2793935546874996,-0.294135635038071,0.004208683024991567,-0.3902942749133514,0.005584583076330087,6.399999999999988,-2.4,0.0,0.0,0.0,0.0,0.0,0.0
0.2811960937499996,-0.2941510823117423,0.00420826345822723,-0.39031477220017674,0.005584026345058666,6.399999999999988,-2.4,0.0,0.0,0.0,0.0,0.0,0.0
0.2829986328124996,-0.2941673166655954,0.004207881174312851,-0.3903363138789501,0.005583519085123451,6.399999999999988,-2.4,0.0,0.0,0.0,0.0,0.0,0.0
0.2848011718749996,-0.29418397887745185,0.004207498484289042,-0.39035842329080056,0.005583011286313763,6.399999999999988,-2.4,0.0,0.0,0.0,0.0,0.0,0.0
0.2866037109374996,-0.2942005151125791,0.00420708683672233,-0.39038036554168754,0.005582465063179158,6.399999999999988,-2.4,0.0,0.0,0.0,0.0,0.0,0.0
0.2884062499999996,-0.29420626771973585,0.004206964573159511,-0.39038799878761776,0.005582302829288006,6.399999999999988,-2.4,0.0,0.0,0.0,0.0,0.0,0.0
0.2902087890624996,-0.29422250434656416,0.0042064174075445325,-0.390409543482446,0.005581576784628617,6.399999999999988,-2.4,0.0,0.0,0.0,0.0,0.0,0.0
0.2920113281249996,-0.29423721643503625,0.0042061006889709315,-0.39042906523778154,0.005581156524614834,6.399999999999988,-2.4,0.0,0.0,0.0,0.0,0.0,0.0
0.2938138671874996,-0.2942570623854282,0.004205601043518977,-0.3904553992140003,0.005580493535380772,6.399999999999988,-2.4,0.0,0.0,0.0,0.0,0.0,0.0
0.2956164062499996,-0.29427555917821374,0.004205383692990337,-0.39047994296684246,0.005580205128751746,6.399999999999988,-2.4,0.0,0.0,0.0,0.0,0.0,0.0
0.29741894531249957,-0.2942941090471634,0.004204989603652802,-0.39050455714747556,0.00557968220397174,6.399999999999988,-2.4,0.0,0.0,0.0,0.0,0.0,0.0
0.29922148437499957,-0.2943161175221765,0.004204513113292653,-0.39053376061952705,0.005579049939677774,6.399999999999988,-2.4,0.0,0.0,0.0,0.0,0.0,0.0
0.30102402343749957,-0.2943399781694739,0.004204025330869806,-0.3905654217748804,0.005578402691726957,6.399999999999988,-2.4,0.0,0.0,0.0,0.0,0.0,0.0
0.30282656249999956,-0.29434768150669854,0.0042038938193249085,-0.3905756434823458,0.005578228186509145,6.399999999999988,-2.4,0.0,0.0,0.0,0.0,0.0,0.0
0.30462910156249956,-0.29433898558959487,0.004203578054263697,-0.3905641047014013,0.005577809191729433,6.399999999999988,-2.4,0.0,0.0,0.0,0.0,0.0,0.0
0.30643164062499956,-0.2943381179148326,0.0042031318224350295,-0.3905629533669424,0.005577217078067344,6.399999999999988,-2.4,0.0,0.0,0.0,0.0,0.0,0.0
0.30823417968749955,-0.2943377168847512,0.004202777307481523,-0.3905624212323548,0.005576746665304515,6.399999999999988,-2.4,0.0,0.0,0.0,0.0,0.0,0.0
0.31003671874999955,-0.2943532484770988,0.004203470572895423,-0.39058303040326603,0.005577666572618723,6.399999999999988,-2.4,0.0,0.0,0.0,0.0,0.0,0.0
0.31183925781249955,-0.29436147783711086,0.004203284782418387,-0.3905939501005631,0.0055774200436338505,6.399999999999988,-2.4,0.0,0.0,0.0,0.0,0.0,0.0
0.31364179687499955,-0.29437376810799915,0.004202536956606018,-0.3906102582992083,0.005576427739069454,6.399999999999988,-2.4,0.0,0.0,0.0,0.0,0.0,0.0
0.31544433593749954,-0.2943866367473681,0.004202235856059766,-0.3906273339462001,0.005576028202918861,6.399999999999988,-2.4,0.0,0.0,0.0,0.0,0.0,0.0
0.31724687499999954,-0.29439748759690126,0.004201902154836744,-0.3906417321487511,0.005575585408298412,6.399999999999988,-2.4,0.0,0.0,0.0,0.0,0.0,0.0
0.31904941406249954,-0.2944000300587723,0.004201141774924552,-0.3906451057906844,0.005574576445455642,6.399999999999988,-2.4,0.0,0.0,0.0,0.0,0.0,0.0
0.32085195312499953,-0.294418270639301,0.004201333277551245,-0.3906693095705172,0.0055748305540026044,6.399999999999988,-2.4,0.0,0.0,0.0,0.0,0.0,0.0
0.32265449218749953,-0.2944299067694669,0.004201120466375361,-0.3906847497771597,0.00557454817072873,6.399999999999988,-2.4,0.0,0.0,0.0,0.0,0.0,0.0
0.32445703124999953,-0.2944320776890565,0.004200495363065277,-0.39068763041243876,0.005573718709031158,6.399999999999988,-2.4,0.0,0.0,0.0,0.0,0.0,0.0
0.3262595703124995,-0.294440298144386,0.004199869871361643,-0.39069853829393997,0.005572888731966656,6.399999999999988,-2.4,0.0,0.0,0.0,0.0,0.0,0.0
0.3280621093749995,-0.29444662095266333,0.004199243064652963,-0.3907069281507885,0.0055720570099964725,6.399999999999988,-2.4,0.0,0.0,0.0,0.0,0.0,0.0
0.3298646484374995,-0.2944535289007889,0.004199204283263507,-0.3907160944410425,0.005572005550219163,6.399999999999988,-2.4,0.0,0.0,0.0,0.0,0.0,0.0
0.3316671874999995,-0.29446366466896196,0.004198859596134464,-0.39072954378827746,0.005571548178187093,6.399999999999988,-2.4,0.0,0.0,0.0,0.0,0.0,0.0
0.3334697265624995,-0.29447093981450134,0.0041984135180169815,-0.39073919731989665,0.005570956268487355,6.399999999999988,-2.4,0.0,0.0,0.0,0.0,0.0,0.0
0.3352722656249995,-0.29445851182675875,0.00419937401228684,-0.39072270638208834,0.005572230766949821,6.399999999999988,-2.4,0.0,0.0,0.0,0.0,0.0,0.0
0.3370748046874995,-0.29446255591703024,0.00419960420352925,-0.39072807256385,0.005572536212170821,6.399999999999988,-2.4,0.0,0.0,0.0,0.0,0.0,0.0
0.3388773437499995,-0.2944722824585313,0.004199556772566059,-0.3907409789002825,0.0055724732751064815,6.399999999999988,-2.4,0.0,0.0,0.0,0.0,0.0,0.0
0.3406798828124995,-0.2944891099662113,0.004199749865079044,-0.3907633076463649,0.0055727294933043785,6.399999999999988,-2.4,0.0,0.0,0.0,0.0,0.0,0.0
0.3424824218749995,-0.29450221669377336,0.004199271373034881,-0.39078069921719466,0.005572094572937098,6.399999999999988,-2.4,0.0,0.0,0.0,0.0,0.0,0.0
0.3442849609374995,-0.29451397585669764,0.0041984788962384735,-0.3907963026783888,0.005571043020116579,6.399999999999988,-2.4,0.0,0.0,0.0,0.0,0.0,0.0
0.3460874999999995,-0.29452294445680616,0.004198163279629247,-0.3908082032876974,0.005570624222320682,6.399999999999988,-2.4,0.0,0.0,0.0,0.0,0.0,0.0
0.3478900390624995,-0.2945328128000628,0.004197780706737955,-0.3908212977836277,0.005570116578936402,6.399999999999988,-2.4,0.0,0.0,0.0,0.0,0.0,0.0
0.3496925781249995,-0.2945414533085899,0.0041974925568438685,-0.39083276304185804,0.005569734227257169,6.399999999999988,-2.4,0.0,0.0,0.0,0.0,0.0,0.0
0.3514951171874995,-0.29455448224676856,0.004197639907775072,-0.3908500513924473,0.005569929750063661,6.399999999999988,-2.4,0.0,0.0,0.0,0.0,0.0,0.0
0.3532976562499995,-0.29456410425713336,0.004197310064892681,-0.39086281902448905,0.005569492075150176,6.399999999999988,-2.4,0.0,0.0,0.0,0.0,0.0,0.0
0.3551001953124995,-0.29458274285469055,0.004197636861041731,-0.39088755094083116,0.005569925707294141,6.399999999999988,-2.4,0.0,0.0,0.0,0.0,0.0,0.0
0.3569027343749995,-0.2945972716050227,0.004197632038233521,-0.39090682942123545,0.005569919307816453,6.399999999999988,-2.4,0.0,0.0,0.0,0.0,0.0,0.0
0.35870527343749947,-0.2946084231060905,0.004197316876259061,-0.39092162656413476,0.005569501113284241,6.399999999999988,-2.4,0.0,0.0,0.0,0.0,0.0,0.0
0.36050781249999947,-0.2946193762200137,0.004196960040204703,-0.390936160463287,0.005569027620607704,6.399999999999988,-2.4,0.0,0.0,0.0,0.0,0.0,0.0
